version,sha256,path,os_name,os_arch
3.7.0,9f759f1995a62136f4e551841fd9ae880a14515e1c6a74ba22ff44edffe71963,pythons/3.7.0/ubuntu-24-04-x86_64-9f759f1995a62136f4e551841fd9ae880a14515e1c6a74ba22ff44edffe71963.tar,ubuntu 24.04,x86_64
3.7.0,65731677db18a6ba2e754773672ea4432476582139a076b76ca62563e60d3980,pythons/3.7.0/ubuntu-24-04-arm64-65731677db18a6ba2e754773672ea4432476582139a076b76ca62563e60d3980.tar,ubuntu 24.04,arm64
3.7.0,d1ae3b685c9b72d87c83cbf8edd6ba8a44b88bbba9b9cecb8aa79df6ee39727c,pythons/3.7.0/ubuntu-22-04-x86_64-d1ae3b685c9b72d87c83cbf8edd6ba8a44b88bbba9b9cecb8aa79df6ee39727c.tar,ubuntu 22.04,x86_64
3.7.0,de8e14ebcc3f18b8270d7b630a7fa11f032639299c141f66d07538ea14756feb,pythons/3.7.0/ubuntu-22-04-arm64-de8e14ebcc3f18b8270d7b630a7fa11f032639299c141f66d07538ea14756feb.tar,ubuntu 22.04,arm64
3.7.1,01c19295b9c2d4186785e622c81b21b299b4f3f2c57d2d0aceb9fec419eda000,pythons/3.7.1/ubuntu-24-04-x86_64-01c19295b9c2d4186785e622c81b21b299b4f3f2c57d2d0aceb9fec419eda000.tar,ubuntu 24.04,x86_64
3.7.1,7b91b14dd762d60f7de9dc98369ed3ffdb7dcc016afc558977d927b4d89acc9d,pythons/3.7.1/ubuntu-24-04-arm64-7b91b14dd762d60f7de9dc98369ed3ffdb7dcc016afc558977d927b4d89acc9d.tar,ubuntu 24.04,arm64
3.7.1,9bff0ec0fa85362326952a769b336c51080cdff82acbb772429fe4e485be359c,pythons/3.7.1/ubuntu-22-04-x86_64-9bff0ec0fa85362326952a769b336c51080cdff82acbb772429fe4e485be359c.tar,ubuntu 22.04,x86_64
3.7.1,ce4a590e6d95b4a9e7500a07b034712025d39c93782551f2348cd4b07b288df0,pythons/3.7.1/ubuntu-22-04-arm64-ce4a590e6d95b4a9e7500a07b034712025d39c93782551f2348cd4b07b288df0.tar,ubuntu 22.04,arm64
3.7.2,47d259cf579b5e6d72a66e840f30229d0e51781ffbeee2578baec5527099391b,pythons/3.7.2/ubuntu-24-04-x86_64-47d259cf579b5e6d72a66e840f30229d0e51781ffbeee2578baec5527099391b.tar,ubuntu 24.04,x86_64
3.7.2,82756a1dfcb1869fb2915c3c84af29cfe09108982f9cfe3175d04a7ea9f8c749,pythons/3.7.2/ubuntu-24-04-arm64-82756a1dfcb1869fb2915c3c84af29cfe09108982f9cfe3175d04a7ea9f8c749.tar,ubuntu 24.04,arm64
3.7.2,c999f89c9a9c2f9bf97ec34caa9335d9e84c0ec7cbaa79f16e4b9da866b561c2,pythons/3.7.2/ubuntu-22-04-x86_64-c999f89c9a9c2f9bf97ec34caa9335d9e84c0ec7cbaa79f16e4b9da866b561c2.tar,ubuntu 22.04,x86_64
3.7.2,f7f6131721f389e6c6791eeef9d76d2a0503be5625a4af017f3604dd7fb18e75,pythons/3.7.2/ubuntu-22-04-arm64-f7f6131721f389e6c6791eeef9d76d2a0503be5625a4af017f3604dd7fb18e75.tar,ubuntu 22.04,arm64
3.7.3,06e1c87063a24f891fc72eb551e2e2488785f48fb193edda1fe1dcb7b50a47b7,pythons/3.7.3/ubuntu-24-04-arm64-06e1c87063a24f891fc72eb551e2e2488785f48fb193edda1fe1dcb7b50a47b7.tar,ubuntu 24.04,arm64
3.7.3,be8f7bbf91f486ed3e5e5f80b02275af89cd4caaf3aef12748a80ee66f30a727,pythons/3.7.3/ubuntu-22-04-arm64-be8f7bbf91f486ed3e5e5f80b02275af89cd4caaf3aef12748a80ee66f30a727.tar,ubuntu 22.04,arm64
3.7.3,cc11b93acb29932278f62a2c2122bdf87b9d4ed76a58b45e5030c5cdf723b80c,pythons/3.7.3/ubuntu-24-04-x86_64-cc11b93acb29932278f62a2c2122bdf87b9d4ed76a58b45e5030c5cdf723b80c.tar,ubuntu 24.04,x86_64
3.7.3,f4596fecae9750e89037619bf68e6a0365ac569a257ef60fc15dbb26def21b6a,pythons/3.7.3/ubuntu-22-04-x86_64-f4596fecae9750e89037619bf68e6a0365ac569a257ef60fc15dbb26def21b6a.tar,ubuntu 22.04,x86_64
3.7.4,08d4b9c25225b3f99d354946660fcb30a495f7a478ffab9a8fdc50bcf8259235,pythons/3.7.4/ubuntu-24-04-x86_64-08d4b9c25225b3f99d354946660fcb30a495f7a478ffab9a8fdc50bcf8259235.tar,ubuntu 24.04,x86_64
3.7.4,50dcac10a99ec47a22127791b79260564b668f942c3de55807bad97b7b4d67d2,pythons/3.7.4/ubuntu-24-04-arm64-50dcac10a99ec47a22127791b79260564b668f942c3de55807bad97b7b4d67d2.tar,ubuntu 24.04,arm64
3.7.4,bf08dbf6225b8a468b337191689ccfcd10269dcfc51bc466c5ba84b15c34d4a1,pythons/3.7.4/ubuntu-22-04-arm64-bf08dbf6225b8a468b337191689ccfcd10269dcfc51bc466c5ba84b15c34d4a1.tar,ubuntu 22.04,arm64
3.7.4,d564f30b1be58a2ae68fe78fa4abefb09383c6f6ede99600da4a2273a7471647,pythons/3.7.4/ubuntu-22-04-x86_64-d564f30b1be58a2ae68fe78fa4abefb09383c6f6ede99600da4a2273a7471647.tar,ubuntu 22.04,x86_64
3.7.5,4c6a75ff96a038be9997c70df250b30afcc2e0ea3918544006a38df343b0c725,pythons/3.7.5/ubuntu-22-04-arm64-4c6a75ff96a038be9997c70df250b30afcc2e0ea3918544006a38df343b0c725.tar,ubuntu 22.04,arm64
3.7.5,727fdf93d591d0b2078871c0d08f181a306a55922bd387ba9ea2d12d5a61c40c,pythons/3.7.5/ubuntu-22-04-x86_64-727fdf93d591d0b2078871c0d08f181a306a55922bd387ba9ea2d12d5a61c40c.tar,ubuntu 22.04,x86_64
3.7.5,b51dabbdd022b29cd635f0544f2664c8883f625e6c54a98a3482c367e9efd325,pythons/3.7.5/ubuntu-24-04-x86_64-b51dabbdd022b29cd635f0544f2664c8883f625e6c54a98a3482c367e9efd325.tar,ubuntu 24.04,x86_64
3.7.5,c35a92cc132d59ba04d27531384a27f3feffd55df3a95fcfcfa7da89ea16902a,pythons/3.7.5/ubuntu-24-04-arm64-c35a92cc132d59ba04d27531384a27f3feffd55df3a95fcfcfa7da89ea16902a.tar,ubuntu 24.04,arm64
3.7.6,84b9f8a28273b45df2f6615c8845de91a5845832a24fb264cd10dd580424f9ff,pythons/3.7.6/ubuntu-22-04-x86_64-84b9f8a28273b45df2f6615c8845de91a5845832a24fb264cd10dd580424f9ff.tar,ubuntu 22.04,x86_64
3.7.6,478d312a93aceec6975b2dbca6c1d4b7434ebcb51673798682173cb75eafe915,pythons/3.7.6/ubuntu-24-04-x86_64-478d312a93aceec6975b2dbca6c1d4b7434ebcb51673798682173cb75eafe915.tar,ubuntu 24.04,x86_64
3.7.6,22214ee1fe939a110ef073496c55b84ab657817c98432a7d27dfc026cb6c1456,pythons/3.7.6/ubuntu-24-04-arm64-22214ee1fe939a110ef073496c55b84ab657817c98432a7d27dfc026cb6c1456.tar,ubuntu 24.04,arm64
3.7.6,cd00a687167d4626fe42e63b6ed7ffb39e0f27d854392c67aa37e4f3ff6136fc,pythons/3.7.6/ubuntu-22-04-arm64-cd00a687167d4626fe42e63b6ed7ffb39e0f27d854392c67aa37e4f3ff6136fc.tar,ubuntu 22.04,arm64
3.7.7,297a24331bfcf3a19b53f0fd46bc16496510a7ed569f3650aaca7958bd77da6f,pythons/3.7.7/ubuntu-22-04-x86_64-297a24331bfcf3a19b53f0fd46bc16496510a7ed569f3650aaca7958bd77da6f.tar,ubuntu 22.04,x86_64
3.7.7,311bc561f0e0bb802b595e22a7f842c52421d995b21f2aeba47be2799f428a8d,pythons/3.7.7/ubuntu-24-04-arm64-311bc561f0e0bb802b595e22a7f842c52421d995b21f2aeba47be2799f428a8d.tar,ubuntu 24.04,arm64
3.7.7,679750faa83c40d31d40844a4caf942fff86ef239dc2c65ece177c7e4e1cb3b6,pythons/3.7.7/ubuntu-22-04-arm64-679750faa83c40d31d40844a4caf942fff86ef239dc2c65ece177c7e4e1cb3b6.tar,ubuntu 22.04,arm64
3.7.7,e8fa1e5f63072282c066c188916764d5faafc3312b1b5813e31a584c2f62fe5e,pythons/3.7.7/ubuntu-24-04-x86_64-e8fa1e5f63072282c066c188916764d5faafc3312b1b5813e31a584c2f62fe5e.tar,ubuntu 24.04,x86_64
3.7.8,0ab38e7bcd24d2e0039ac3659d951c73c147c787d02afdfafc35c77b4dcfaf97,pythons/3.7.8/ubuntu-24-04-arm64-0ab38e7bcd24d2e0039ac3659d951c73c147c787d02afdfafc35c77b4dcfaf97.tar,ubuntu 24.04,arm64
3.7.8,5757e3a6635f2fae4be4819ec81ae426979dd428b24ae47f9857478afc26c677,pythons/3.7.8/ubuntu-24-04-x86_64-5757e3a6635f2fae4be4819ec81ae426979dd428b24ae47f9857478afc26c677.tar,ubuntu 24.04,x86_64
3.7.8,517810941f9063935523ff6d8bf5082ab9bd1ab079d2d5bd4ad740a6aa7d5f51,pythons/3.7.8/ubuntu-22-04-x86_64-517810941f9063935523ff6d8bf5082ab9bd1ab079d2d5bd4ad740a6aa7d5f51.tar,ubuntu 22.04,x86_64
3.7.8,ad56a92fc3c24cabf7be6183cf26b35fdc952bd7c7f4a163ffa55b3a74a19ff8,pythons/3.7.8/ubuntu-22-04-arm64-ad56a92fc3c24cabf7be6183cf26b35fdc952bd7c7f4a163ffa55b3a74a19ff8.tar,ubuntu 22.04,arm64
3.7.9,40fdb3812ed4beca848ead57ff0dbfb736657517fb539505abf79df49724abf5,pythons/3.7.9/ubuntu-22-04-x86_64-40fdb3812ed4beca848ead57ff0dbfb736657517fb539505abf79df49724abf5.tar,ubuntu 22.04,x86_64
3.7.9,b6478ab81face8f2b96c7592e6c29fdd1d6c49ede4c1330eebff60475482417a,pythons/3.7.9/ubuntu-22-04-arm64-b6478ab81face8f2b96c7592e6c29fdd1d6c49ede4c1330eebff60475482417a.tar,ubuntu 22.04,arm64
3.7.9,c293935d904372edd5adc31f0349314601eeb2c473f93b3cb1e62d93801fae4f,pythons/3.7.9/ubuntu-24-04-arm64-c293935d904372edd5adc31f0349314601eeb2c473f93b3cb1e62d93801fae4f.tar,ubuntu 24.04,arm64
3.7.9,cdddcfca9588211794b79961cf2b7d1421f4cd7c447ed3eb808778bf535ee7d3,pythons/3.7.9/ubuntu-24-04-x86_64-cdddcfca9588211794b79961cf2b7d1421f4cd7c447ed3eb808778bf535ee7d3.tar,ubuntu 24.04,x86_64
3.7.10,8f20df26baba908428f9ee772a2d3e466a1afdc601d0ba722337a4c1e38a1e81,pythons/3.7.10/ubuntu-24-04-arm64-8f20df26baba908428f9ee772a2d3e466a1afdc601d0ba722337a4c1e38a1e81.tar,ubuntu 24.04,arm64
3.7.10,21bb9e9a3700cfa98ceca92bd8eec83b645b480f5e960e67d21b248f7c914d7f,pythons/3.7.10/ubuntu-22-04-arm64-21bb9e9a3700cfa98ceca92bd8eec83b645b480f5e960e67d21b248f7c914d7f.tar,ubuntu 22.04,arm64
3.7.10,926b6f87b9fe37f8736c3d0466e457f2ebdc9862a90bc93cd314fc4c9871dede,pythons/3.7.10/ubuntu-24-04-x86_64-926b6f87b9fe37f8736c3d0466e457f2ebdc9862a90bc93cd314fc4c9871dede.tar,ubuntu 24.04,x86_64
3.7.10,aa3c5aa6f6127eeb49014e7daeb0dd11d517283ac55cc3bda3011803fe2e6d53,pythons/3.7.10/ubuntu-22-04-x86_64-aa3c5aa6f6127eeb49014e7daeb0dd11d517283ac55cc3bda3011803fe2e6d53.tar,ubuntu 22.04,x86_64
3.7.11,0d227561a5b26c7752f137ef4699a1683c779bc4bd46505d328e3dba6eb14c8f,pythons/3.7.11/ubuntu-22-04-arm64-0d227561a5b26c7752f137ef4699a1683c779bc4bd46505d328e3dba6eb14c8f.tar,ubuntu 22.04,arm64
3.7.11,8ab6b705e29ce7eee1d52246a958d4c7200e7bd020d1c8a5e09418a8627ad39a,pythons/3.7.11/ubuntu-24-04-x86_64-8ab6b705e29ce7eee1d52246a958d4c7200e7bd020d1c8a5e09418a8627ad39a.tar,ubuntu 24.04,x86_64
3.7.11,ccd9f96d311ce3cb8a2cb38d634e1469ae125c2de4d23e897a065938199d7051,pythons/3.7.11/ubuntu-24-04-arm64-ccd9f96d311ce3cb8a2cb38d634e1469ae125c2de4d23e897a065938199d7051.tar,ubuntu 24.04,arm64
3.7.11,d232b21cac6402ff72b712a6d9b02416fa451cfe1c350abb220becdbccf747ea,pythons/3.7.11/ubuntu-22-04-x86_64-d232b21cac6402ff72b712a6d9b02416fa451cfe1c350abb220becdbccf747ea.tar,ubuntu 22.04,x86_64
3.7.12,8373da84581e21a2d023800cb99a57ffa4d900f21e2a186dca53c690b461df16,pythons/3.7.12/ubuntu-24-04-arm64-8373da84581e21a2d023800cb99a57ffa4d900f21e2a186dca53c690b461df16.tar,ubuntu 24.04,arm64
3.7.12,bd3bb84c847c10616df074a71b3050a379396c8734911670a56020f8f341fac5,pythons/3.7.12/ubuntu-22-04-x86_64-bd3bb84c847c10616df074a71b3050a379396c8734911670a56020f8f341fac5.tar,ubuntu 22.04,x86_64
3.7.12,d7f8425786be62ce55b4836d8ff3ae652b896aec3a808017e7f4ecf375256cb2,pythons/3.7.12/ubuntu-22-04-arm64-d7f8425786be62ce55b4836d8ff3ae652b896aec3a808017e7f4ecf375256cb2.tar,ubuntu 22.04,arm64
3.7.12,e6d3d15de892047e84f10b9a5af738018cf14198a7afad7b094ff26b847d9dd8,pythons/3.7.12/ubuntu-24-04-x86_64-e6d3d15de892047e84f10b9a5af738018cf14198a7afad7b094ff26b847d9dd8.tar,ubuntu 24.04,x86_64
3.7.13,7addbebb0f0083144c99576dff79e90035ed16400e017cde54e675b5beceaad0,pythons/3.7.13/ubuntu-24-04-x86_64-7addbebb0f0083144c99576dff79e90035ed16400e017cde54e675b5beceaad0.tar,ubuntu 24.04,x86_64
3.7.13,290e19fb1332a06355112fc2b1323343a25380a6bc7aa806d36bb00e2f6867ef,pythons/3.7.13/ubuntu-22-04-x86_64-290e19fb1332a06355112fc2b1323343a25380a6bc7aa806d36bb00e2f6867ef.tar,ubuntu 22.04,x86_64
3.7.13,b962eed233d1de6e889d113bd00f410835376741a3ab9d662885bc4ba082e6c8,pythons/3.7.13/ubuntu-22-04-arm64-b962eed233d1de6e889d113bd00f410835376741a3ab9d662885bc4ba082e6c8.tar,ubuntu 22.04,arm64
3.7.13,cdc0c669ca0982db9378711bae29f353f8be66a83221e4b1de0b051afc29b1c5,pythons/3.7.13/ubuntu-24-04-arm64-cdc0c669ca0982db9378711bae29f353f8be66a83221e4b1de0b051afc29b1c5.tar,ubuntu 24.04,arm64
3.7.14,3e2ed6dd155661699202951e26e96118f26654e0817cbc64683ac1fb909075c3,pythons/3.7.14/ubuntu-22-04-x86_64-3e2ed6dd155661699202951e26e96118f26654e0817cbc64683ac1fb909075c3.tar,ubuntu 22.04,x86_64
3.7.14,65ef179518989b85fe1c274282f6d3a1d54f277fe721f4f5fffefd16385f8d44,pythons/3.7.14/ubuntu-24-04-arm64-65ef179518989b85fe1c274282f6d3a1d54f277fe721f4f5fffefd16385f8d44.tar,ubuntu 24.04,arm64
3.7.14,c705f8f78a4079132b0856a5753b282c18d1c7e74b544f141a1909afcf41d86e,pythons/3.7.14/ubuntu-22-04-arm64-c705f8f78a4079132b0856a5753b282c18d1c7e74b544f141a1909afcf41d86e.tar,ubuntu 22.04,arm64
3.7.14,d8c7a737a346f6d28e22137f51f82de160c320f8b45c87f83112d7a49ab8788b,pythons/3.7.14/ubuntu-24-04-x86_64-d8c7a737a346f6d28e22137f51f82de160c320f8b45c87f83112d7a49ab8788b.tar,ubuntu 24.04,x86_64
3.7.15,2ce7c61e0c1cebe991b676121943c901fa7f452c32d64d15f46fe08ad8df3bab,pythons/3.7.15/ubuntu-22-04-x86_64-2ce7c61e0c1cebe991b676121943c901fa7f452c32d64d15f46fe08ad8df3bab.tar,ubuntu 22.04,x86_64
3.7.15,9865d23a1661e701bd3108e4e390867a02204e815f654fcd0c2bd0ac527283e5,pythons/3.7.15/ubuntu-24-04-x86_64-9865d23a1661e701bd3108e4e390867a02204e815f654fcd0c2bd0ac527283e5.tar,ubuntu 24.04,x86_64
3.7.15,1398604109ce9d4bb93f476c5d54a331088825af791535e26ad2886d762b637c,pythons/3.7.15/ubuntu-22-04-arm64-1398604109ce9d4bb93f476c5d54a331088825af791535e26ad2886d762b637c.tar,ubuntu 22.04,arm64
3.7.15,f4549a85aa964482a380e01746bfd563e230f8bc005851a1482a2881e6afd62a,pythons/3.7.15/ubuntu-24-04-arm64-f4549a85aa964482a380e01746bfd563e230f8bc005851a1482a2881e6afd62a.tar,ubuntu 24.04,arm64
3.7.16,bc7dfbb4ca17cfa25d75ed3501cc9595a48e81dffabb40a4ac66a92adfa08126,pythons/3.7.16/ubuntu-22-04-arm64-bc7dfbb4ca17cfa25d75ed3501cc9595a48e81dffabb40a4ac66a92adfa08126.tar,ubuntu 22.04,arm64
3.7.16,d89084710abd1d65429543c47e055057ba9c20a98e426d1044a155cff5d71b61,pythons/3.7.16/ubuntu-24-04-arm64-d89084710abd1d65429543c47e055057ba9c20a98e426d1044a155cff5d71b61.tar,ubuntu 24.04,arm64
3.7.16,ee5baffc1bf934c11e9879d71291d4acb36fcb579162551f1be3ea907383d832,pythons/3.7.16/ubuntu-22-04-x86_64-ee5baffc1bf934c11e9879d71291d4acb36fcb579162551f1be3ea907383d832.tar,ubuntu 22.04,x86_64
3.7.16,f078deaac89d80a3b4ffa3e52524d01aa11460420cf8d4209c86b580ce47be39,pythons/3.7.16/ubuntu-24-04-x86_64-f078deaac89d80a3b4ffa3e52524d01aa11460420cf8d4209c86b580ce47be39.tar,ubuntu 24.04,x86_64
3.7.17,5e5b5accf67cacb763164ceb2d2322fc4e9d3891b52535de937b4fb57acc9bf5,pythons/3.7.17/ubuntu-24-04-x86_64-5e5b5accf67cacb763164ceb2d2322fc4e9d3891b52535de937b4fb57acc9bf5.tar,ubuntu 24.04,x86_64
3.7.17,8dc71e99323fe91e98ce50573e32235cef2790efecae3b8751f0eeaca2ae26d3,pythons/3.7.17/ubuntu-24-04-arm64-8dc71e99323fe91e98ce50573e32235cef2790efecae3b8751f0eeaca2ae26d3.tar,ubuntu 24.04,arm64
3.7.17,9230b54e8e81438c1c6aac95401774774a7b25e65e4bf53adcf2dd41cee6c9eb,pythons/3.7.17/ubuntu-22-04-arm64-9230b54e8e81438c1c6aac95401774774a7b25e65e4bf53adcf2dd41cee6c9eb.tar,ubuntu 22.04,arm64
3.7.17,fed6c219932a9e57e45cfe49e33f316bc59b38d3c2fa541859c042b5cabeecba,pythons/3.7.17/ubuntu-22-04-x86_64-fed6c219932a9e57e45cfe49e33f316bc59b38d3c2fa541859c042b5cabeecba.tar,ubuntu 22.04,x86_64
3.8.0,41617b3edb3cff5b5d1f6332ea8432856187a00e8f0fcf5f3a340243f3cfb544,pythons/3.8.0/ubuntu-24-04-arm64-41617b3edb3cff5b5d1f6332ea8432856187a00e8f0fcf5f3a340243f3cfb544.tar,ubuntu 24.04,arm64
3.8.0,b5be43ae30dba37fbe096d9c446ecc4a2398f9be386a33ed1776820c3936f4d4,pythons/3.8.0/ubuntu-22-04-x86_64-b5be43ae30dba37fbe096d9c446ecc4a2398f9be386a33ed1776820c3936f4d4.tar,ubuntu 22.04,x86_64
3.8.0,b8e0d66b65395b385a0237687150da9f07edec21a7510d5f0518944c52b8c143,pythons/3.8.0/ubuntu-22-04-arm64-b8e0d66b65395b385a0237687150da9f07edec21a7510d5f0518944c52b8c143.tar,ubuntu 22.04,arm64
3.8.0,cb4254f8ebf228a113ffac09519c62d93834f95214c5c9b6ea9d467a6c047e17,pythons/3.8.0/ubuntu-24-04-x86_64-cb4254f8ebf228a113ffac09519c62d93834f95214c5c9b6ea9d467a6c047e17.tar,ubuntu 24.04,x86_64
3.8.1,62e080882c2900c0834dc7c1b2624eb90d0d77705482f3018f91c15cc91687c4,pythons/3.8.1/ubuntu-24-04-arm64-62e080882c2900c0834dc7c1b2624eb90d0d77705482f3018f91c15cc91687c4.tar,ubuntu 24.04,arm64
3.8.1,17405691062616363e892937e6ea52f2db4d17633bfd93bd0e08f29a5052979a,pythons/3.8.1/ubuntu-24-04-x86_64-17405691062616363e892937e6ea52f2db4d17633bfd93bd0e08f29a5052979a.tar,ubuntu 24.04,x86_64
3.8.1,a6811aae36ac6f4f636367f2e9d75e213ecccb92dfc4f2893848e34e915375d9,pythons/3.8.1/ubuntu-22-04-arm64-a6811aae36ac6f4f636367f2e9d75e213ecccb92dfc4f2893848e34e915375d9.tar,ubuntu 22.04,arm64
3.8.1,bed63b0ea340ea3473dc0732653844ae623ea2a14a8e15808ed96f6294f0f1f4,pythons/3.8.1/ubuntu-22-04-x86_64-bed63b0ea340ea3473dc0732653844ae623ea2a14a8e15808ed96f6294f0f1f4.tar,ubuntu 22.04,x86_64
3.8.2,2bdb72a7fa5955004fac3e83355237822163f94d162443ec0720da5331ad1971,pythons/3.8.2/ubuntu-24-04-arm64-2bdb72a7fa5955004fac3e83355237822163f94d162443ec0720da5331ad1971.tar,ubuntu 24.04,arm64
3.8.2,4ff01b08b9a46de3e276e0ef39a1528a2f5698ce9db2aa8f039602f896c0f53a,pythons/3.8.2/ubuntu-24-04-x86_64-4ff01b08b9a46de3e276e0ef39a1528a2f5698ce9db2aa8f039602f896c0f53a.tar,ubuntu 24.04,x86_64
3.8.2,9087435e4f670dd3fe245adc302d6342332a8cc49762a83d615f8ed173e5582a,pythons/3.8.2/ubuntu-22-04-arm64-9087435e4f670dd3fe245adc302d6342332a8cc49762a83d615f8ed173e5582a.tar,ubuntu 22.04,arm64
3.8.2,aa6cfb43213cf0a82741c651e0e676a1a9982ceaf9ec8fa369dab0be85250c5c,pythons/3.8.2/ubuntu-22-04-x86_64-aa6cfb43213cf0a82741c651e0e676a1a9982ceaf9ec8fa369dab0be85250c5c.tar,ubuntu 22.04,x86_64
3.8.3,2d27cf81094ffb1a854be25de7e21a22e74cd85197afb77d12aad9e4d73581ba,pythons/3.8.3/ubuntu-24-04-arm64-2d27cf81094ffb1a854be25de7e21a22e74cd85197afb77d12aad9e4d73581ba.tar,ubuntu 24.04,arm64
3.8.3,909271d093286f0c35cb3f711017c337db26f13eb6d25647960166756177370c,pythons/3.8.3/ubuntu-22-04-x86_64-909271d093286f0c35cb3f711017c337db26f13eb6d25647960166756177370c.tar,ubuntu 22.04,x86_64
3.8.3,b90967f73e8ac91ae0e4536676908c484071f8df2d98262ff5c87631b12559a6,pythons/3.8.3/ubuntu-22-04-arm64-b90967f73e8ac91ae0e4536676908c484071f8df2d98262ff5c87631b12559a6.tar,ubuntu 22.04,arm64
3.8.3,ed97b6f8fc33bd20a4a0a1c04c7e3a182089da846dee7d0d79341b7f64bab5d9,pythons/3.8.3/ubuntu-24-04-x86_64-ed97b6f8fc33bd20a4a0a1c04c7e3a182089da846dee7d0d79341b7f64bab5d9.tar,ubuntu 24.04,x86_64
3.8.4,7e9a2fd2fee9538f3df071c2ba35ded816c2cf13b538e57fbb484152e0aaff20,pythons/3.8.4/ubuntu-24-04-x86_64-7e9a2fd2fee9538f3df071c2ba35ded816c2cf13b538e57fbb484152e0aaff20.tar,ubuntu 24.04,x86_64
3.8.4,56c2f617af903f950cdb22081e2f0f3a11693bbc097591690413744d63690538,pythons/3.8.4/ubuntu-22-04-arm64-56c2f617af903f950cdb22081e2f0f3a11693bbc097591690413744d63690538.tar,ubuntu 22.04,arm64
3.8.4,85c39ae143c0befccbc9f237e98ca9cf2e588463a7559b641052ad54095f76c0,pythons/3.8.4/ubuntu-22-04-x86_64-85c39ae143c0befccbc9f237e98ca9cf2e588463a7559b641052ad54095f76c0.tar,ubuntu 22.04,x86_64
3.8.4,97027dec7853272b52cc216d3d446c772c184d629d83ae2dd92ddf6ef78ab288,pythons/3.8.4/ubuntu-24-04-arm64-97027dec7853272b52cc216d3d446c772c184d629d83ae2dd92ddf6ef78ab288.tar,ubuntu 24.04,arm64
3.8.5,8d1d3865fa65eaf68b537c1a486b0f21a85f6903dcc8669aee089167c279f99c,pythons/3.8.5/ubuntu-24-04-arm64-8d1d3865fa65eaf68b537c1a486b0f21a85f6903dcc8669aee089167c279f99c.tar,ubuntu 24.04,arm64
3.8.5,687bd989d5430f3afa33c568de93ee014e4d78181e93ab73b5b8986e99bbd387,pythons/3.8.5/ubuntu-22-04-x86_64-687bd989d5430f3afa33c568de93ee014e4d78181e93ab73b5b8986e99bbd387.tar,ubuntu 22.04,x86_64
3.8.5,e12062268f98e60f8d16b441e23ccc43279da2c606e900d812c60e4f8fcd7216,pythons/3.8.5/ubuntu-22-04-arm64-e12062268f98e60f8d16b441e23ccc43279da2c606e900d812c60e4f8fcd7216.tar,ubuntu 22.04,arm64
3.8.5,f1d9c0f34df894b6296b406021b8682123789e018e23b608c406508ebba1ce58,pythons/3.8.5/ubuntu-24-04-x86_64-f1d9c0f34df894b6296b406021b8682123789e018e23b608c406508ebba1ce58.tar,ubuntu 24.04,x86_64
3.8.6,1ee4ad62bcdd5eb0aa28d1de617665f77ad732fe76267ae86faa9e095cd903b7,pythons/3.8.6/ubuntu-24-04-arm64-1ee4ad62bcdd5eb0aa28d1de617665f77ad732fe76267ae86faa9e095cd903b7.tar,ubuntu 24.04,arm64
3.8.6,dd3ff5a79bfdbe641a9a0285e3aa0e8252aa8651ed3754aa53fadd6bfd6360f8,pythons/3.8.6/ubuntu-22-04-x86_64-dd3ff5a79bfdbe641a9a0285e3aa0e8252aa8651ed3754aa53fadd6bfd6360f8.tar,ubuntu 22.04,x86_64
3.8.6,e534ebf3c3fa8f5f4c426889b64ef8c79a49392b25d3ee2b4ff1bbb56de48c82,pythons/3.8.6/ubuntu-22-04-arm64-e534ebf3c3fa8f5f4c426889b64ef8c79a49392b25d3ee2b4ff1bbb56de48c82.tar,ubuntu 22.04,arm64
3.8.6,fa20255cb1abdbb257d8facebdb68df20e5070f8c995f686d4b3cba5eae443d7,pythons/3.8.6/ubuntu-24-04-x86_64-fa20255cb1abdbb257d8facebdb68df20e5070f8c995f686d4b3cba5eae443d7.tar,ubuntu 24.04,x86_64
3.8.7,09fa97445526980d920c5eadcb4edc8336452eb497c80594b9c6cb34e124afd8,pythons/3.8.7/ubuntu-24-04-x86_64-09fa97445526980d920c5eadcb4edc8336452eb497c80594b9c6cb34e124afd8.tar,ubuntu 24.04,x86_64
3.8.7,a4588a625312682ef4a909c24f7a2478a987913d08cfcb208dd0bc73a9196f73,pythons/3.8.7/ubuntu-24-04-arm64-a4588a625312682ef4a909c24f7a2478a987913d08cfcb208dd0bc73a9196f73.tar,ubuntu 24.04,arm64
3.8.7,b9ba5c3569271e890bbd06ade5cf24bc8e13c21c4b92880711aedc6bc6c1e1e2,pythons/3.8.7/ubuntu-22-04-arm64-b9ba5c3569271e890bbd06ade5cf24bc8e13c21c4b92880711aedc6bc6c1e1e2.tar,ubuntu 22.04,arm64
3.8.7,da4521817621a135d2c66fb0361e2fd651433883868b7ddd9aec8fa622233f4a,pythons/3.8.7/ubuntu-22-04-x86_64-da4521817621a135d2c66fb0361e2fd651433883868b7ddd9aec8fa622233f4a.tar,ubuntu 22.04,x86_64
3.8.8,1a2107e89f23a65c2b7805870b1935467f7f80b512c41e74a0995ad40ea6f9df,pythons/3.8.8/ubuntu-24-04-arm64-1a2107e89f23a65c2b7805870b1935467f7f80b512c41e74a0995ad40ea6f9df.tar,ubuntu 24.04,arm64
3.8.8,2a8210914311c80f3aa7c8c370b2dd9f916d4591418dce6f18b92b80052cede0,pythons/3.8.8/ubuntu-22-04-x86_64-2a8210914311c80f3aa7c8c370b2dd9f916d4591418dce6f18b92b80052cede0.tar,ubuntu 22.04,x86_64
3.8.8,b290d6b630e72113007e371ed648112f9e6cc5efd71070fa765f8bb42d84cad5,pythons/3.8.8/ubuntu-22-04-arm64-b290d6b630e72113007e371ed648112f9e6cc5efd71070fa765f8bb42d84cad5.tar,ubuntu 22.04,arm64
3.8.8,e0f8331aca5511c78b88498fe1d77025b2d678695366d92c0df15c6ef38ad42e,pythons/3.8.8/ubuntu-24-04-x86_64-e0f8331aca5511c78b88498fe1d77025b2d678695366d92c0df15c6ef38ad42e.tar,ubuntu 24.04,x86_64
3.8.9,90ff71f7586a11d6a3dc690769504e22306101082d82a93fb835e6415e7c9f5b,pythons/3.8.9/ubuntu-24-04-arm64-90ff71f7586a11d6a3dc690769504e22306101082d82a93fb835e6415e7c9f5b.tar,ubuntu 24.04,arm64
3.8.9,19259fb33a71a0f6b72e2515d776b34e2df214a87cffe30de42a2d90e626c35e,pythons/3.8.9/ubuntu-24-04-x86_64-19259fb33a71a0f6b72e2515d776b34e2df214a87cffe30de42a2d90e626c35e.tar,ubuntu 24.04,x86_64
3.8.9,b22bb3ef56fb690fa74e19419896801e04912bb2e435453e9ee26ae4eda689a2,pythons/3.8.9/ubuntu-22-04-x86_64-b22bb3ef56fb690fa74e19419896801e04912bb2e435453e9ee26ae4eda689a2.tar,ubuntu 22.04,x86_64
3.8.9,df67aa39ca7ccbed0b22b38812bd50d561971a7922433ab1038a00c0bd958fc6,pythons/3.8.9/ubuntu-22-04-arm64-df67aa39ca7ccbed0b22b38812bd50d561971a7922433ab1038a00c0bd958fc6.tar,ubuntu 22.04,arm64
3.8.10,5bc084124baf0acfecb4f971a9b9fee12079d5af7cd1e7d3ce5f8271410c5fc9,pythons/3.8.10/ubuntu-22-04-arm64-5bc084124baf0acfecb4f971a9b9fee12079d5af7cd1e7d3ce5f8271410c5fc9.tar,ubuntu 22.04,arm64
3.8.10,0469485fec56300a7a442bc9528f61450893f6644220d0832cd8cebf87fc574b,pythons/3.8.10/ubuntu-24-04-x86_64-0469485fec56300a7a442bc9528f61450893f6644220d0832cd8cebf87fc574b.tar,ubuntu 24.04,x86_64
3.8.10,be03e0901bed2dfe9f0c0def6012fb9c56fc3a13817cd938e54936f190170133,pythons/3.8.10/ubuntu-24-04-arm64-be03e0901bed2dfe9f0c0def6012fb9c56fc3a13817cd938e54936f190170133.tar,ubuntu 24.04,arm64
3.8.10,ee7a1a7035cff72830cb193c7512eefaee227f318b7ffb132e29958f799f5917,pythons/3.8.10/ubuntu-22-04-x86_64-ee7a1a7035cff72830cb193c7512eefaee227f318b7ffb132e29958f799f5917.tar,ubuntu 22.04,x86_64
3.8.11,6a3fc26e6b7eb9fdad029690047dea492f2cfe481d839328aa8a7d0462dd4345,pythons/3.8.11/ubuntu-22-04-x86_64-6a3fc26e6b7eb9fdad029690047dea492f2cfe481d839328aa8a7d0462dd4345.tar,ubuntu 22.04,x86_64
3.8.11,39c5d3d314b91808f6bd273cbf895a7e0e37c7be89e08ea2d49407099cc0b323,pythons/3.8.11/ubuntu-22-04-arm64-39c5d3d314b91808f6bd273cbf895a7e0e37c7be89e08ea2d49407099cc0b323.tar,ubuntu 22.04,arm64
3.8.11,07130588a476c49432443183cb79fa85ead0431db8fcd3d5882ba8141a16a172,pythons/3.8.11/ubuntu-24-04-x86_64-07130588a476c49432443183cb79fa85ead0431db8fcd3d5882ba8141a16a172.tar,ubuntu 24.04,x86_64
3.8.11,c4e03af6a678dc929d9fa270fa24c282ccc6b1a5c8be45d05e7741e9cdf63b3c,pythons/3.8.11/ubuntu-24-04-arm64-c4e03af6a678dc929d9fa270fa24c282ccc6b1a5c8be45d05e7741e9cdf63b3c.tar,ubuntu 24.04,arm64
3.8.12,606851659cd5bcee80c71a02cc10f0f861a05d924b672197fd5672c780316d8c,pythons/3.8.12/ubuntu-22-04-x86_64-606851659cd5bcee80c71a02cc10f0f861a05d924b672197fd5672c780316d8c.tar,ubuntu 22.04,x86_64
3.8.12,b001b2507cd4dae42325e4b2110f6c393aa8a2a541b392bc5751167b19f80ad2,pythons/3.8.12/ubuntu-22-04-arm64-b001b2507cd4dae42325e4b2110f6c393aa8a2a541b392bc5751167b19f80ad2.tar,ubuntu 22.04,arm64
3.8.12,d534c098d773f5d558a4935fb82f83c831adafc7f59227eae0cf293148f5c261,pythons/3.8.12/ubuntu-24-04-x86_64-d534c098d773f5d558a4935fb82f83c831adafc7f59227eae0cf293148f5c261.tar,ubuntu 24.04,x86_64
3.8.12,ec4ad7a1fba5fcecd8b48ea0997a0c5cf70a335fa783c022a40268773106dca4,pythons/3.8.12/ubuntu-24-04-arm64-ec4ad7a1fba5fcecd8b48ea0997a0c5cf70a335fa783c022a40268773106dca4.tar,ubuntu 24.04,arm64
3.8.13,0f5b9833d6b9c9c58fd84cf7c0f817b9dbd62d3de3f369bcd89a5c943b7a6313,pythons/3.8.13/ubuntu-22-04-x86_64-0f5b9833d6b9c9c58fd84cf7c0f817b9dbd62d3de3f369bcd89a5c943b7a6313.tar,ubuntu 22.04,x86_64
3.8.13,8f284485cf3b9c1efdb32d90b51992ba773840430545980d807f8ae0fefb517f,pythons/3.8.13/ubuntu-24-04-arm64-8f284485cf3b9c1efdb32d90b51992ba773840430545980d807f8ae0fefb517f.tar,ubuntu 24.04,arm64
3.8.13,3351aee7d977d719e2151a447296b37e34ec91ba0cd51320c3b535713597ad75,pythons/3.8.13/ubuntu-22-04-arm64-3351aee7d977d719e2151a447296b37e34ec91ba0cd51320c3b535713597ad75.tar,ubuntu 22.04,arm64
3.8.13,06055acb0691f631e147fa0fb8e848f141d3a20184b250be410b6d2f2ab08262,pythons/3.8.13/ubuntu-24-04-x86_64-06055acb0691f631e147fa0fb8e848f141d3a20184b250be410b6d2f2ab08262.tar,ubuntu 24.04,x86_64
3.8.14,6f1b0346e404543256d11c9f097eebd8df9141281a9e718d193d63fdf44c9f25,pythons/3.8.14/ubuntu-22-04-x86_64-6f1b0346e404543256d11c9f097eebd8df9141281a9e718d193d63fdf44c9f25.tar,ubuntu 22.04,x86_64
3.8.14,78abd50afcb035a7623db6ef8be06c4e5c3be26fd7c2e19db8e2f6176ee9db2d,pythons/3.8.14/ubuntu-24-04-arm64-78abd50afcb035a7623db6ef8be06c4e5c3be26fd7c2e19db8e2f6176ee9db2d.tar,ubuntu 24.04,arm64
3.8.14,407a339495296494d6ebc1b1e1b0aa43495f070e3c57f4a3071a86beac1e40e2,pythons/3.8.14/ubuntu-24-04-x86_64-407a339495296494d6ebc1b1e1b0aa43495f070e3c57f4a3071a86beac1e40e2.tar,ubuntu 24.04,x86_64
3.8.14,ca3ad927e4630135e30379d78383bf60d4dc87f5a0db8c2ea764c82f4759fb4b,pythons/3.8.14/ubuntu-22-04-arm64-ca3ad927e4630135e30379d78383bf60d4dc87f5a0db8c2ea764c82f4759fb4b.tar,ubuntu 22.04,arm64
3.8.15,8a391fbe323a2b252a18878df57722be74351b9ffeed4f976e98d1c9e0bb0421,pythons/3.8.15/ubuntu-22-04-arm64-8a391fbe323a2b252a18878df57722be74351b9ffeed4f976e98d1c9e0bb0421.tar,ubuntu 22.04,arm64
3.8.15,9ff02f6e53d21df9008458e9234d435ca87d9f017499d7e14ff36698a42dbaf2,pythons/3.8.15/ubuntu-24-04-arm64-9ff02f6e53d21df9008458e9234d435ca87d9f017499d7e14ff36698a42dbaf2.tar,ubuntu 24.04,arm64
3.8.15,641b45507dcaba87e50f502128b03c95b0c826dcb2f7aaa925cdbd54eb1e4605,pythons/3.8.15/ubuntu-24-04-x86_64-641b45507dcaba87e50f502128b03c95b0c826dcb2f7aaa925cdbd54eb1e4605.tar,ubuntu 24.04,x86_64
3.8.15,a36b62fe047484f2b52d1ea18d0b6ace01541d089ee6e060439d950187ec06d1,pythons/3.8.15/ubuntu-22-04-x86_64-a36b62fe047484f2b52d1ea18d0b6ace01541d089ee6e060439d950187ec06d1.tar,ubuntu 22.04,x86_64
3.8.16,1ac69a2dce048c886cd10968423e0d6d29011cedab472f5292e4953625c1b49d,pythons/3.8.16/ubuntu-22-04-x86_64-1ac69a2dce048c886cd10968423e0d6d29011cedab472f5292e4953625c1b49d.tar,ubuntu 22.04,x86_64
3.8.16,7c2fd1c39593466577ebfe88af99762a8a469a17b9564e5b8ae1f7bb6a06dfda,pythons/3.8.16/ubuntu-22-04-arm64-7c2fd1c39593466577ebfe88af99762a8a469a17b9564e5b8ae1f7bb6a06dfda.tar,ubuntu 22.04,arm64
3.8.16,83c714e74d836856a62a9ef080987a8a5635d926fd72d7065a050cf3350a54bd,pythons/3.8.16/ubuntu-24-04-arm64-83c714e74d836856a62a9ef080987a8a5635d926fd72d7065a050cf3350a54bd.tar,ubuntu 24.04,arm64
3.8.16,e9d7426d6591637a19a843fd7ce0b0eeccbf0064823e1f5c9f4b9d63da71a4d4,pythons/3.8.16/ubuntu-24-04-x86_64-e9d7426d6591637a19a843fd7ce0b0eeccbf0064823e1f5c9f4b9d63da71a4d4.tar,ubuntu 24.04,x86_64
3.8.17,18a86c4e859ae67152c405cb5528ee800d47c50cf88aa85b53196d1db552bc43,pythons/3.8.17/ubuntu-22-04-x86_64-18a86c4e859ae67152c405cb5528ee800d47c50cf88aa85b53196d1db552bc43.tar,ubuntu 22.04,x86_64
3.8.17,b3b3d4367448220fad55520c64c1a01de5a28eee48105a206c5ead937d829e42,pythons/3.8.17/ubuntu-24-04-arm64-b3b3d4367448220fad55520c64c1a01de5a28eee48105a206c5ead937d829e42.tar,ubuntu 24.04,arm64
3.8.17,cccf79ad6ae8d1af0ae6b7396eec37c399a80ca57421c8d0fb16034dd7f17f46,pythons/3.8.17/ubuntu-22-04-arm64-cccf79ad6ae8d1af0ae6b7396eec37c399a80ca57421c8d0fb16034dd7f17f46.tar,ubuntu 22.04,arm64
3.8.17,d23a320d0952a82d8c179f07c7132d1cf1a3228d6e92467d54c6479fe71e905f,pythons/3.8.17/ubuntu-24-04-x86_64-d23a320d0952a82d8c179f07c7132d1cf1a3228d6e92467d54c6479fe71e905f.tar,ubuntu 24.04,x86_64
3.8.18,5fd995072f00aefc9a11039077b4714ae974bb84d6adf0a46545c267172ab888,pythons/3.8.18/ubuntu-24-04-x86_64-5fd995072f00aefc9a11039077b4714ae974bb84d6adf0a46545c267172ab888.tar,ubuntu 24.04,x86_64
3.8.18,36d264413122f6c4ec26233118c6bb7c6373b9f8ab4399699ec33a623bdff7c0,pythons/3.8.18/ubuntu-22-04-x86_64-36d264413122f6c4ec26233118c6bb7c6373b9f8ab4399699ec33a623bdff7c0.tar,ubuntu 22.04,x86_64
3.8.18,112be1af215d0ea41055149a84467aace15bcbbe41678820b5395759167b10d7,pythons/3.8.18/ubuntu-24-04-arm64-112be1af215d0ea41055149a84467aace15bcbbe41678820b5395759167b10d7.tar,ubuntu 24.04,arm64
3.8.18,bcc134c868f51795853c275944290dc2a3528716b6e49fe57327494e55659298,pythons/3.8.18/ubuntu-22-04-arm64-bcc134c868f51795853c275944290dc2a3528716b6e49fe57327494e55659298.tar,ubuntu 22.04,arm64
3.8.19,0e6df4347e9c2eb2fbf518c02422aad66a39fed4bfc6dc9c1a457a4bdd9858a1,pythons/3.8.19/ubuntu-22-04-x86_64-0e6df4347e9c2eb2fbf518c02422aad66a39fed4bfc6dc9c1a457a4bdd9858a1.tar,ubuntu 22.04,x86_64
3.8.19,2af9ca7a61e1630bd813f9f1574097af17ac377f20322f409411a095647cc1e0,pythons/3.8.19/ubuntu-24-04-x86_64-2af9ca7a61e1630bd813f9f1574097af17ac377f20322f409411a095647cc1e0.tar,ubuntu 24.04,x86_64
3.8.19,d172bacc8a04982ddbf3e7a9c90e30b210717a1f8308b543af596e9b93f4749a,pythons/3.8.19/ubuntu-22-04-arm64-d172bacc8a04982ddbf3e7a9c90e30b210717a1f8308b543af596e9b93f4749a.tar,ubuntu 22.04,arm64
3.8.19,f1d833c5b3d96a0b3b5d307c166316716870daf1386d53a66afb5619873ca7f5,pythons/3.8.19/ubuntu-24-04-arm64-f1d833c5b3d96a0b3b5d307c166316716870daf1386d53a66afb5619873ca7f5.tar,ubuntu 24.04,arm64
3.8.20,0f1db4ab2e650c7278ddd19b937c6464992611a2c839cf568d98948ff8c13f92,pythons/3.8.20/ubuntu-24-04-arm64-0f1db4ab2e650c7278ddd19b937c6464992611a2c839cf568d98948ff8c13f92.tar,ubuntu 24.04,arm64
3.8.20,1d1b45807defb006146b4611736ca204b832c5b02fb05a9958ea3046f3d428c1,pythons/3.8.20/ubuntu-22-04-x86_64-1d1b45807defb006146b4611736ca204b832c5b02fb05a9958ea3046f3d428c1.tar,ubuntu 22.04,x86_64
3.8.20,67b28912a18ef0defb80d3baafe3824ff009f00c3c82b5f10cd4f568cda528e1,pythons/3.8.20/ubuntu-24-04-x86_64-67b28912a18ef0defb80d3baafe3824ff009f00c3c82b5f10cd4f568cda528e1.tar,ubuntu 24.04,x86_64
3.8.20,f4978a9fa93d43c7a7a770020efab719ba613ddf7755786ef5dbd78c502a6e14,pythons/3.8.20/ubuntu-22-04-arm64-f4978a9fa93d43c7a7a770020efab719ba613ddf7755786ef5dbd78c502a6e14.tar,ubuntu 22.04,arm64
3.9.0,34fb39a6fdbe5bffbc27a3e3f12bb7b67f790cdc67396c244e449ed85dc94517,pythons/3.9.0/ubuntu-22-04-arm64-34fb39a6fdbe5bffbc27a3e3f12bb7b67f790cdc67396c244e449ed85dc94517.tar,ubuntu 22.04,arm64
3.9.0,ace20216c3fad45d87792409e38f8821b6e36a007542af11da9dc36999256748,pythons/3.9.0/ubuntu-22-04-x86_64-ace20216c3fad45d87792409e38f8821b6e36a007542af11da9dc36999256748.tar,ubuntu 22.04,x86_64
3.9.0,b285952295f72a0905cfe301aa4e8bb7476ee0839fe72d357bf9adb288f2892c,pythons/3.9.0/ubuntu-24-04-arm64-b285952295f72a0905cfe301aa4e8bb7476ee0839fe72d357bf9adb288f2892c.tar,ubuntu 24.04,arm64
3.9.0,c8bb4a97661f84047aa514e8c4569a09658b98d78a66c7bee6b382265dd00f17,pythons/3.9.0/ubuntu-24-04-x86_64-c8bb4a97661f84047aa514e8c4569a09658b98d78a66c7bee6b382265dd00f17.tar,ubuntu 24.04,x86_64
3.9.1,97abe9873763e0bc68b9b978f675b4c8d02e7636ed137a2c1a44b6df1bfa54a4,pythons/3.9.1/ubuntu-24-04-x86_64-97abe9873763e0bc68b9b978f675b4c8d02e7636ed137a2c1a44b6df1bfa54a4.tar,ubuntu 24.04,x86_64
3.9.1,247a038939b26f87b2b0e191c0c37c78331208afd2746b91d398b57cf8e9bcba,pythons/3.9.1/ubuntu-22-04-x86_64-247a038939b26f87b2b0e191c0c37c78331208afd2746b91d398b57cf8e9bcba.tar,ubuntu 22.04,x86_64
3.9.1,de6af07008f70b6c52bd7bf9f5cd8dbf807db103d1449631259dd2d90e8ee974,pythons/3.9.1/ubuntu-22-04-arm64-de6af07008f70b6c52bd7bf9f5cd8dbf807db103d1449631259dd2d90e8ee974.tar,ubuntu 22.04,arm64
3.9.1,f4d6bbd0383818b5347c10b5b9132b21f2d9c83b7190482dab12e9484e38eb5e,pythons/3.9.1/ubuntu-24-04-arm64-f4d6bbd0383818b5347c10b5b9132b21f2d9c83b7190482dab12e9484e38eb5e.tar,ubuntu 24.04,arm64
3.9.2,640d304fbf5cb3e14c280163003a93c34d8d3511a865f5e0ce9fdaee6346237d,pythons/3.9.2/ubuntu-22-04-arm64-640d304fbf5cb3e14c280163003a93c34d8d3511a865f5e0ce9fdaee6346237d.tar,ubuntu 22.04,arm64
3.9.2,5607ccecb105917a9e0ea24ccdc32fdae37c7a1e19461c4022ad1f4603c205ec,pythons/3.9.2/ubuntu-24-04-arm64-5607ccecb105917a9e0ea24ccdc32fdae37c7a1e19461c4022ad1f4603c205ec.tar,ubuntu 24.04,arm64
3.9.2,7787cb669709180534c9f99fb02e08869c76cf31b7ac19a5b286041210478717,pythons/3.9.2/ubuntu-24-04-x86_64-7787cb669709180534c9f99fb02e08869c76cf31b7ac19a5b286041210478717.tar,ubuntu 24.04,x86_64
3.9.2,b78dc7a2183141d320a2ce08d2e9f2260fb65ef505004cb5dfcbbe3ce7e614c9,pythons/3.9.2/ubuntu-22-04-x86_64-b78dc7a2183141d320a2ce08d2e9f2260fb65ef505004cb5dfcbbe3ce7e614c9.tar,ubuntu 22.04,x86_64
3.9.3,0aa08474cfa5df265907bd3cd0b23954173302e57a4f682ca1347c46880f6401,pythons/3.9.3/ubuntu-22-04-x86_64-0aa08474cfa5df265907bd3cd0b23954173302e57a4f682ca1347c46880f6401.tar,ubuntu 22.04,x86_64
3.9.3,9ac5b0caf2f3893a05834637124306b9dd111a103e4da6e7b4b4ca54e4d131ed,pythons/3.9.3/ubuntu-24-04-arm64-9ac5b0caf2f3893a05834637124306b9dd111a103e4da6e7b4b4ca54e4d131ed.tar,ubuntu 24.04,arm64
3.9.3,38e3c35592485f5884194e68fb46c71ef0df86b2a192c0eb11f786dae9c7b512,pythons/3.9.3/ubuntu-22-04-arm64-38e3c35592485f5884194e68fb46c71ef0df86b2a192c0eb11f786dae9c7b512.tar,ubuntu 22.04,arm64
3.9.3,e406d9cb5b11f4d9488c9439818c9b6ee8dd2eefa724ffae1aeda2617117baeb,pythons/3.9.3/ubuntu-24-04-x86_64-e406d9cb5b11f4d9488c9439818c9b6ee8dd2eefa724ffae1aeda2617117baeb.tar,ubuntu 24.04,x86_64
3.9.4,3b1821d926c91ae45a95298ab23bd91272e895b3a43e01cbd253b632d6f59182,pythons/3.9.4/ubuntu-24-04-arm64-3b1821d926c91ae45a95298ab23bd91272e895b3a43e01cbd253b632d6f59182.tar,ubuntu 24.04,arm64
3.9.4,803bc288b92285a931c9e3c0da898117d6912e3da00adcf6fea4198b5c2a194f,pythons/3.9.4/ubuntu-22-04-arm64-803bc288b92285a931c9e3c0da898117d6912e3da00adcf6fea4198b5c2a194f.tar,ubuntu 22.04,arm64
3.9.4,aa1a070e2bf774281fb63eaa2ade7051c3437955212458fe756733cb7e17c3a9,pythons/3.9.4/ubuntu-22-04-x86_64-aa1a070e2bf774281fb63eaa2ade7051c3437955212458fe756733cb7e17c3a9.tar,ubuntu 22.04,x86_64
3.9.4,afa994316325d4e6c5867d12828d276756363c482cb1df389ce9cf66822e2c21,pythons/3.9.4/ubuntu-24-04-x86_64-afa994316325d4e6c5867d12828d276756363c482cb1df389ce9cf66822e2c21.tar,ubuntu 24.04,x86_64
3.9.5,03c92bec39d5ac1a1414ed55c1af7064cbf2b8dc6e5c233c67a1b96507ead887,pythons/3.9.5/ubuntu-24-04-x86_64-03c92bec39d5ac1a1414ed55c1af7064cbf2b8dc6e5c233c67a1b96507ead887.tar,ubuntu 24.04,x86_64
3.9.5,8d82b20f1da59594d5c8d72e155b572a5e61ae8f90d53e3a578a9e6a4f4b3ddc,pythons/3.9.5/ubuntu-24-04-arm64-8d82b20f1da59594d5c8d72e155b572a5e61ae8f90d53e3a578a9e6a4f4b3ddc.tar,ubuntu 24.04,arm64
3.9.5,cc54f96db795183ecb6ee9d1d63fb168ed4c237420de10d35d5dfa263ff45f56,pythons/3.9.5/ubuntu-22-04-arm64-cc54f96db795183ecb6ee9d1d63fb168ed4c237420de10d35d5dfa263ff45f56.tar,ubuntu 22.04,arm64
3.9.5,fdbe2acf318794403d72ea3dc75f34d6be023f74071072e18f9ab3c9ebb93f6c,pythons/3.9.5/ubuntu-22-04-x86_64-fdbe2acf318794403d72ea3dc75f34d6be023f74071072e18f9ab3c9ebb93f6c.tar,ubuntu 22.04,x86_64
3.9.6,0edfd079f2d6ce683ffa0237a896ba40efd2da14d2b5a4ea4d68c5d8af847226,pythons/3.9.6/ubuntu-24-04-arm64-0edfd079f2d6ce683ffa0237a896ba40efd2da14d2b5a4ea4d68c5d8af847226.tar,ubuntu 24.04,arm64
3.9.6,8dfec2bf31c1086132b24fae4a8657209a4fc2fc93b8a7df9a39de738850ff3f,pythons/3.9.6/ubuntu-22-04-x86_64-8dfec2bf31c1086132b24fae4a8657209a4fc2fc93b8a7df9a39de738850ff3f.tar,ubuntu 22.04,x86_64
3.9.6,28cfddf2a71c51f9c3c2fc638920b9eda51cf38e642aaf32ded7d751118f51e0,pythons/3.9.6/ubuntu-24-04-x86_64-28cfddf2a71c51f9c3c2fc638920b9eda51cf38e642aaf32ded7d751118f51e0.tar,ubuntu 24.04,x86_64
3.9.6,75f5fc13da6df761b2927b75d8a1a621e3679f25f20944bb4f2a662c05c0863f,pythons/3.9.6/ubuntu-22-04-arm64-75f5fc13da6df761b2927b75d8a1a621e3679f25f20944bb4f2a662c05c0863f.tar,ubuntu 22.04,arm64
3.9.7,1a05f10c1d4f148f5a1a4619b086805e51752b8afe8196d8bbfa3386e66ed85f,pythons/3.9.7/ubuntu-22-04-x86_64-1a05f10c1d4f148f5a1a4619b086805e51752b8afe8196d8bbfa3386e66ed85f.tar,ubuntu 22.04,x86_64
3.9.7,6ded9aa044d4fb97a5f8da6f2a87396c4cb52d975b397391a5d3a63ff05cead0,pythons/3.9.7/ubuntu-22-04-arm64-6ded9aa044d4fb97a5f8da6f2a87396c4cb52d975b397391a5d3a63ff05cead0.tar,ubuntu 22.04,arm64
3.9.7,91e0ac2ae7ecc6624c58ac503df78b963f8f2e9d116e1a524c642d71d6980413,pythons/3.9.7/ubuntu-24-04-arm64-91e0ac2ae7ecc6624c58ac503df78b963f8f2e9d116e1a524c642d71d6980413.tar,ubuntu 24.04,arm64
3.9.7,84717b8c0368b41504885363ee5dc8f4ae4054e218a359cc48f08874947fb9f9,pythons/3.9.7/ubuntu-24-04-x86_64-84717b8c0368b41504885363ee5dc8f4ae4054e218a359cc48f08874947fb9f9.tar,ubuntu 24.04,x86_64
3.9.8,88f1999ecf26a9a5bb2026abab6df8944ca729fb4558b80ef16efca42b9f167c,pythons/3.9.8/ubuntu-24-04-arm64-88f1999ecf26a9a5bb2026abab6df8944ca729fb4558b80ef16efca42b9f167c.tar,ubuntu 24.04,arm64
3.9.8,6418311d056d74ad944ab4446c4e3ca83a876dc3dee5b98ddaab7d9c824956d5,pythons/3.9.8/ubuntu-24-04-x86_64-6418311d056d74ad944ab4446c4e3ca83a876dc3dee5b98ddaab7d9c824956d5.tar,ubuntu 24.04,x86_64
3.9.8,95291143d5be930e256c9bfcd6b0a6da9cca5d6c882234da0325c1c36a887f24,pythons/3.9.8/ubuntu-22-04-arm64-95291143d5be930e256c9bfcd6b0a6da9cca5d6c882234da0325c1c36a887f24.tar,ubuntu 22.04,arm64
3.9.8,ffdc96c3bd3b7ec641e5653c7e464e9f82193b1e21bedac973923dbe2e62acf2,pythons/3.9.8/ubuntu-22-04-x86_64-ffdc96c3bd3b7ec641e5653c7e464e9f82193b1e21bedac973923dbe2e62acf2.tar,ubuntu 22.04,x86_64
3.9.9,0a8969baa19250ae85cc120b489dc7987cfe45b4971c8dd46360ef97c2acbae8,pythons/3.9.9/ubuntu-24-04-arm64-0a8969baa19250ae85cc120b489dc7987cfe45b4971c8dd46360ef97c2acbae8.tar,ubuntu 24.04,arm64
3.9.9,9df90d816368cdb723275c703afae21efef66de44ce68bf9a681bfb9a3b17a4e,pythons/3.9.9/ubuntu-24-04-x86_64-9df90d816368cdb723275c703afae21efef66de44ce68bf9a681bfb9a3b17a4e.tar,ubuntu 24.04,x86_64
3.9.9,21ba2c6064f698102bd547c07b23ac6c2db63f9c84665d213f25f008d1dc9992,pythons/3.9.9/ubuntu-22-04-x86_64-21ba2c6064f698102bd547c07b23ac6c2db63f9c84665d213f25f008d1dc9992.tar,ubuntu 22.04,x86_64
3.9.9,2515b01b4615cc714c2468bfe0781d8bc61c5f9ac9954a19d053f7b0bcdaa5c0,pythons/3.9.9/ubuntu-22-04-arm64-2515b01b4615cc714c2468bfe0781d8bc61c5f9ac9954a19d053f7b0bcdaa5c0.tar,ubuntu 22.04,arm64
3.9.10,1e70c4be9c62584d71f79c0eb4de4f14616791e9dcf6c195a2475a5be23a1fd7,pythons/3.9.10/ubuntu-24-04-arm64-1e70c4be9c62584d71f79c0eb4de4f14616791e9dcf6c195a2475a5be23a1fd7.tar,ubuntu 24.04,arm64
3.9.10,9796b3c504423b0f6751caab98f353d4f380b48ed70be55ea5907deb1ac134e5,pythons/3.9.10/ubuntu-22-04-x86_64-9796b3c504423b0f6751caab98f353d4f380b48ed70be55ea5907deb1ac134e5.tar,ubuntu 22.04,x86_64
3.9.10,ba2beaf3066f1ed670af496f09d36f2926648593b23267f8949408ecff5c78ff,pythons/3.9.10/ubuntu-22-04-arm64-ba2beaf3066f1ed670af496f09d36f2926648593b23267f8949408ecff5c78ff.tar,ubuntu 22.04,arm64
3.9.10,efd71f324d8fb9959df84b943b29ab9987dea3293249aef8665195f58fa60dd3,pythons/3.9.10/ubuntu-24-04-x86_64-efd71f324d8fb9959df84b943b29ab9987dea3293249aef8665195f58fa60dd3.tar,ubuntu 24.04,x86_64
3.9.11,52dd03059604f8a916c8e5a1fc4d6c698465fbff5e706e629875999e5b69f117,pythons/3.9.11/ubuntu-24-04-arm64-52dd03059604f8a916c8e5a1fc4d6c698465fbff5e706e629875999e5b69f117.tar,ubuntu 24.04,arm64
3.9.11,0655629a3646158851df852d52790bdf4ac5421b6feb51f23920949a27e85a2a,pythons/3.9.11/ubuntu-22-04-arm64-0655629a3646158851df852d52790bdf4ac5421b6feb51f23920949a27e85a2a.tar,ubuntu 22.04,arm64
3.9.11,afbcf531825bcdc13ec4e79a42704687b250cf0c895dac9b00e8ae3ac87bc222,pythons/3.9.11/ubuntu-24-04-x86_64-afbcf531825bcdc13ec4e79a42704687b250cf0c895dac9b00e8ae3ac87bc222.tar,ubuntu 24.04,x86_64
3.9.11,b0a43e6c7975ad98a91a9574014797a5aec3530dcedf5644f6ac3a07a0878fd0,pythons/3.9.11/ubuntu-22-04-x86_64-b0a43e6c7975ad98a91a9574014797a5aec3530dcedf5644f6ac3a07a0878fd0.tar,ubuntu 22.04,x86_64
3.9.12,2db90fd4b919576eebcf9eb9f4c0b0140d7d4879a9656946f8f8025a4ef8da0b,pythons/3.9.12/ubuntu-24-04-arm64-2db90fd4b919576eebcf9eb9f4c0b0140d7d4879a9656946f8f8025a4ef8da0b.tar,ubuntu 24.04,arm64
3.9.12,69f847880f361a9a5491c84d378898ad2a9f3ef8ef371234860502ca653c93af,pythons/3.9.12/ubuntu-22-04-arm64-69f847880f361a9a5491c84d378898ad2a9f3ef8ef371234860502ca653c93af.tar,ubuntu 22.04,arm64
3.9.12,2099d1cdfc1039aee5d4c9056e7b8e242e1756203bb5b7ea2943288faf970a11,pythons/3.9.12/ubuntu-24-04-x86_64-2099d1cdfc1039aee5d4c9056e7b8e242e1756203bb5b7ea2943288faf970a11.tar,ubuntu 24.04,x86_64
3.9.12,74935eede65c3c10b04abc477e3b1af2b6a742a6d58eece7ff989ad76e67f3a8,pythons/3.9.12/ubuntu-22-04-x86_64-74935eede65c3c10b04abc477e3b1af2b6a742a6d58eece7ff989ad76e67f3a8.tar,ubuntu 22.04,x86_64
3.9.13,5d8a3fa320c5820e08ffef050dbea444603b5aea4bc7f544755f2eb55aa08923,pythons/3.9.13/ubuntu-22-04-arm64-5d8a3fa320c5820e08ffef050dbea444603b5aea4bc7f544755f2eb55aa08923.tar,ubuntu 22.04,arm64
3.9.13,592a256d38b493b1d2e3db549978df8c04e388ad4690af40d0c311d7dda678f3,pythons/3.9.13/ubuntu-22-04-x86_64-592a256d38b493b1d2e3db549978df8c04e388ad4690af40d0c311d7dda678f3.tar,ubuntu 22.04,x86_64
3.9.13,bdc6e0d654d0021d4b4a134d9c20af05af197720dfd4e399b013557b7995aa22,pythons/3.9.13/ubuntu-24-04-x86_64-bdc6e0d654d0021d4b4a134d9c20af05af197720dfd4e399b013557b7995aa22.tar,ubuntu 24.04,x86_64
3.9.13,c9f63a180dfe8f2dd5b3265003de0302cb921cd8b9dd0da6bd305a243619ac3a,pythons/3.9.13/ubuntu-24-04-arm64-c9f63a180dfe8f2dd5b3265003de0302cb921cd8b9dd0da6bd305a243619ac3a.tar,ubuntu 24.04,arm64
3.9.14,1181c73f628411bc043cdc74d91c651ff4ba5f6fb4792b099f96d7f733f60d36,pythons/3.9.14/ubuntu-24-04-arm64-1181c73f628411bc043cdc74d91c651ff4ba5f6fb4792b099f96d7f733f60d36.tar,ubuntu 24.04,arm64
3.9.14,03067ad5130b41751963472de25c048c716cfd2ef4e557d6aae21e0572722dce,pythons/3.9.14/ubuntu-22-04-x86_64-03067ad5130b41751963472de25c048c716cfd2ef4e557d6aae21e0572722dce.tar,ubuntu 22.04,x86_64
3.9.14,d12935b0842c80de56efc3cf4dd44b261879c327a964c6af45e8ed6f2ce485c5,pythons/3.9.14/ubuntu-24-04-x86_64-d12935b0842c80de56efc3cf4dd44b261879c327a964c6af45e8ed6f2ce485c5.tar,ubuntu 24.04,x86_64
3.9.14,f0d840fcb6acce34b6da4d917c0814801c59cfca8a62a639bb45fbb50446329d,pythons/3.9.14/ubuntu-22-04-arm64-f0d840fcb6acce34b6da4d917c0814801c59cfca8a62a639bb45fbb50446329d.tar,ubuntu 22.04,arm64
3.9.15,3c94796fad41b58a701c0a07d248501c797a1eae55ce502a2a32b7227bdb116e,pythons/3.9.15/ubuntu-22-04-x86_64-3c94796fad41b58a701c0a07d248501c797a1eae55ce502a2a32b7227bdb116e.tar,ubuntu 22.04,x86_64
3.9.15,1598ed4410396b0abd81d8187b888ea2de90d48da18d2ed2d3da26058c2c67d4,pythons/3.9.15/ubuntu-22-04-arm64-1598ed4410396b0abd81d8187b888ea2de90d48da18d2ed2d3da26058c2c67d4.tar,ubuntu 22.04,arm64
3.9.15,8886f46901be8bfbe21d5dec1ef206452f147d245cb531b192b61611772c8519,pythons/3.9.15/ubuntu-24-04-x86_64-8886f46901be8bfbe21d5dec1ef206452f147d245cb531b192b61611772c8519.tar,ubuntu 24.04,x86_64
3.9.15,c91f02b49b6295e817740b894df53d77be4146d9fd0d25d4b6e0ec0031bc5318,pythons/3.9.15/ubuntu-24-04-arm64-c91f02b49b6295e817740b894df53d77be4146d9fd0d25d4b6e0ec0031bc5318.tar,ubuntu 24.04,arm64
3.9.16,2e399844ec156571539e1ecc2183df21d72acddb74c7cfb34c77e6a476a52d49,pythons/3.9.16/ubuntu-22-04-arm64-2e399844ec156571539e1ecc2183df21d72acddb74c7cfb34c77e6a476a52d49.tar,ubuntu 22.04,arm64
3.9.16,3a698cee0c932548d2172b4ebe2aa8a550a4b20b9e687ac74d4aad87f8b23746,pythons/3.9.16/ubuntu-24-04-arm64-3a698cee0c932548d2172b4ebe2aa8a550a4b20b9e687ac74d4aad87f8b23746.tar,ubuntu 24.04,arm64
3.9.16,a6da47e63a75209e2c4d6da80837fc144bec8fb7df30e6e5b7c0f0c166142969,pythons/3.9.16/ubuntu-24-04-x86_64-a6da47e63a75209e2c4d6da80837fc144bec8fb7df30e6e5b7c0f0c166142969.tar,ubuntu 24.04,x86_64
3.9.16,a9f7b94c95668b263e5edc446d3b25fdcea28523e2902030964560750a80027c,pythons/3.9.16/ubuntu-22-04-x86_64-a9f7b94c95668b263e5edc446d3b25fdcea28523e2902030964560750a80027c.tar,ubuntu 22.04,x86_64
3.9.17,7b091c89144badce37f51e023153e6aeec4b92f8acc28d221a75883b5e3d4c0b,pythons/3.9.17/ubuntu-22-04-x86_64-7b091c89144badce37f51e023153e6aeec4b92f8acc28d221a75883b5e3d4c0b.tar,ubuntu 22.04,x86_64
3.9.17,656d2ee648a453bb3456f134672db69bdefbfb1b9c70c0db55ec9b4c2606aa3c,pythons/3.9.17/ubuntu-24-04-x86_64-656d2ee648a453bb3456f134672db69bdefbfb1b9c70c0db55ec9b4c2606aa3c.tar,ubuntu 24.04,x86_64
3.9.17,38627e29182d0c6c3661aac928567beb8f1c9974219dffd03d91cdb567aa64a8,pythons/3.9.17/ubuntu-22-04-arm64-38627e29182d0c6c3661aac928567beb8f1c9974219dffd03d91cdb567aa64a8.tar,ubuntu 22.04,arm64
3.9.17,ebcff94ff4e78056a097bdacf8435472b6dea517350dc14c7cec9831984bf8f8,pythons/3.9.17/ubuntu-24-04-arm64-ebcff94ff4e78056a097bdacf8435472b6dea517350dc14c7cec9831984bf8f8.tar,ubuntu 24.04,arm64
3.9.18,0fd2ba53dce5e3bf22e9e4215e81f667a15880604b8ae9bc836dacd106697e63,pythons/3.9.18/ubuntu-22-04-x86_64-0fd2ba53dce5e3bf22e9e4215e81f667a15880604b8ae9bc836dacd106697e63.tar,ubuntu 22.04,x86_64
3.9.18,48d29d74ca88abe301531beea44da78b49f7a7d1632f97747405f9adaf08f1ec,pythons/3.9.18/ubuntu-22-04-arm64-48d29d74ca88abe301531beea44da78b49f7a7d1632f97747405f9adaf08f1ec.tar,ubuntu 22.04,arm64
3.9.18,a3e8dd77be32b4dce1cb720a04328d11eefe974d4d6e8a827247e0d465ebc391,pythons/3.9.18/ubuntu-24-04-arm64-a3e8dd77be32b4dce1cb720a04328d11eefe974d4d6e8a827247e0d465ebc391.tar,ubuntu 24.04,arm64
3.9.18,f01ebde6e696b8ed654664a14098c3eaead40c3e14d8eb0c8921fd0fe985a380,pythons/3.9.18/ubuntu-24-04-x86_64-f01ebde6e696b8ed654664a14098c3eaead40c3e14d8eb0c8921fd0fe985a380.tar,ubuntu 24.04,x86_64
3.9.19,4bac3d08ed065308496a4faabc41038c1e8b4cb1ca782f655e8eaffc69e9ac08,pythons/3.9.19/ubuntu-22-04-arm64-4bac3d08ed065308496a4faabc41038c1e8b4cb1ca782f655e8eaffc69e9ac08.tar,ubuntu 22.04,arm64
3.9.19,6d48cd9022b558fb3f97631f231d5cffca40dcca25776be5373612b36236d724,pythons/3.9.19/ubuntu-24-04-x86_64-6d48cd9022b558fb3f97631f231d5cffca40dcca25776be5373612b36236d724.tar,ubuntu 24.04,x86_64
3.9.19,9b14bb02dd67360056dbabe62826258a9cd2b71addfb9f3e4bb9b1d4dfcd4b12,pythons/3.9.19/ubuntu-22-04-x86_64-9b14bb02dd67360056dbabe62826258a9cd2b71addfb9f3e4bb9b1d4dfcd4b12.tar,ubuntu 22.04,x86_64
3.9.19,336ff9f60946695f5d3259f8def79eed235eea54b73eb82b6f35317f8a1b599f,pythons/3.9.19/ubuntu-24-04-arm64-336ff9f60946695f5d3259f8def79eed235eea54b73eb82b6f35317f8a1b599f.tar,ubuntu 24.04,arm64
3.9.20,8ea78dced0a6bf7d94e5b8bda7cc4558842333f4ea2add53c85635783d59fbcf,pythons/3.9.20/ubuntu-24-04-x86_64-8ea78dced0a6bf7d94e5b8bda7cc4558842333f4ea2add53c85635783d59fbcf.tar,ubuntu 24.04,x86_64
3.9.20,20c93d6b17fb616a2140a424a07ec05bc7341412cec987724242d2d1bf5cd5a9,pythons/3.9.20/ubuntu-22-04-arm64-20c93d6b17fb616a2140a424a07ec05bc7341412cec987724242d2d1bf5cd5a9.tar,ubuntu 22.04,arm64
3.9.20,43fc43e3db78d363dfc8736d33b1746e596a8207614f7659a1ca1687be405290,pythons/3.9.20/ubuntu-22-04-x86_64-43fc43e3db78d363dfc8736d33b1746e596a8207614f7659a1ca1687be405290.tar,ubuntu 22.04,x86_64
3.9.20,f9f4ab60047de73832d301e1543f755816a07be53a81abdad6727bb516a7ca0f,pythons/3.9.20/ubuntu-24-04-arm64-f9f4ab60047de73832d301e1543f755816a07be53a81abdad6727bb516a7ca0f.tar,ubuntu 24.04,arm64
3.9.21,5acb0b82226cbec28d0f1c75c73c475db019d8a3962007b333f960283c3491c5,pythons/3.9.21/ubuntu-22-04-x86_64-5acb0b82226cbec28d0f1c75c73c475db019d8a3962007b333f960283c3491c5.tar,ubuntu 22.04,x86_64
3.9.21,92a0fb37c71207f0dd1f3be34eaaf01d49052180872919e19bc10cbab579e541,pythons/3.9.21/ubuntu-22-04-arm64-92a0fb37c71207f0dd1f3be34eaaf01d49052180872919e19bc10cbab579e541.tar,ubuntu 22.04,arm64
3.9.21,a9ae5007c95477a1a41636a574237e2a212b6764a94c5b53a90915649addfafe,pythons/3.9.21/ubuntu-24-04-x86_64-a9ae5007c95477a1a41636a574237e2a212b6764a94c5b53a90915649addfafe.tar,ubuntu 24.04,x86_64
3.9.21,b877b5b02c3d5f986fd57824af6f3e4e5dd8dfa1544b7d568e67559e54652c5e,pythons/3.9.21/ubuntu-24-04-arm64-b877b5b02c3d5f986fd57824af6f3e4e5dd8dfa1544b7d568e67559e54652c5e.tar,ubuntu 24.04,arm64
3.9.22,9d88da7c163d9df6a0a1fbca2f6fe2d0b8133f4ac8ed7853afe50c51a616c6ee,pythons/3.9.22/ubuntu-22-04-x86_64-9d88da7c163d9df6a0a1fbca2f6fe2d0b8133f4ac8ed7853afe50c51a616c6ee.tar,ubuntu 22.04,x86_64
3.9.22,66384a0b211c19408cac6bd6261949bc6a93b9c27357772f4e834f29bc1f5e44,pythons/3.9.22/ubuntu-24-04-x86_64-66384a0b211c19408cac6bd6261949bc6a93b9c27357772f4e834f29bc1f5e44.tar,ubuntu 24.04,x86_64
3.9.22,aada01a5fe8ee8d8687253e916d9b52671e6ff3e3a4b8448b0216af6a6ffd052,pythons/3.9.22/ubuntu-24-04-arm64-aada01a5fe8ee8d8687253e916d9b52671e6ff3e3a4b8448b0216af6a6ffd052.tar,ubuntu 24.04,arm64
3.9.22,ea4a968caa83ac15b99a62c7de892e15e8e8e5bdc2ea6b656b15ce64efd9d565,pythons/3.9.22/ubuntu-22-04-arm64-ea4a968caa83ac15b99a62c7de892e15e8e8e5bdc2ea6b656b15ce64efd9d565.tar,ubuntu 22.04,arm64
3.9.23,582def1a577666248eee707461acd8a2fb467efc08d3cd90682adce19858edd6,pythons/3.9.23/ubuntu-24-04-x86_64-582def1a577666248eee707461acd8a2fb467efc08d3cd90682adce19858edd6.tar,ubuntu 24.04,x86_64
3.9.23,766e23744393e8a7f61db7326c9f2751fa7ec2468b543ae0633bf40717ff3d84,pythons/3.9.23/ubuntu-24-04-arm64-766e23744393e8a7f61db7326c9f2751fa7ec2468b543ae0633bf40717ff3d84.tar,ubuntu 24.04,arm64
3.9.23,071572bcdee1fe683b9303718a8e0e32dfd3fa4b395483b244a5930bbee4273b,pythons/3.9.23/ubuntu-22-04-arm64-071572bcdee1fe683b9303718a8e0e32dfd3fa4b395483b244a5930bbee4273b.tar,ubuntu 22.04,arm64
3.9.23,e3cccc9ecb987dbee1199a764ac5faffeffd5a7222ba499d359e69847919984d,pythons/3.9.23/ubuntu-22-04-x86_64-e3cccc9ecb987dbee1199a764ac5faffeffd5a7222ba499d359e69847919984d.tar,ubuntu 22.04,x86_64
3.9.24,4ad8e7ef61ba8c9c5f6afff217d3bc5d69416ae7d54fe8971c3f91713b7404bd,pythons/3.9.24/ubuntu-22-04-arm64-4ad8e7ef61ba8c9c5f6afff217d3bc5d69416ae7d54fe8971c3f91713b7404bd.tar,ubuntu 22.04,arm64
3.9.24,45d6dfc862525ced1b3fc446aefbdec4e745b78b64536de6940f5233951e2aa2,pythons/3.9.24/ubuntu-24-04-x86_64-45d6dfc862525ced1b3fc446aefbdec4e745b78b64536de6940f5233951e2aa2.tar,ubuntu 24.04,x86_64
3.9.24,c6c5ca4b911586be809ca15464a4211771e4c1d720b57d6ef4e3f7297b848167,pythons/3.9.24/ubuntu-24-04-arm64-c6c5ca4b911586be809ca15464a4211771e4c1d720b57d6ef4e3f7297b848167.tar,ubuntu 24.04,arm64
3.9.24,d6ef42abdb47c95b10f877676cee48232ce5fc859cf5e0d2cbbe283e969738f7,pythons/3.9.24/ubuntu-22-04-x86_64-d6ef42abdb47c95b10f877676cee48232ce5fc859cf5e0d2cbbe283e969738f7.tar,ubuntu 22.04,x86_64
3.9.25,9e1c81ed1bc4e5f51f25c7d8703cc1eec58edea7c3e53b3225fd684893895078,pythons/3.9.25/ubuntu-22-04-x86_64-9e1c81ed1bc4e5f51f25c7d8703cc1eec58edea7c3e53b3225fd684893895078.tar,ubuntu 22.04,x86_64
3.9.25,6892dc80e628655c0b1971f4b4418546792d9d7a457590aeef3421a9ddda5e13,pythons/3.9.25/ubuntu-22-04-arm64-6892dc80e628655c0b1971f4b4418546792d9d7a457590aeef3421a9ddda5e13.tar,ubuntu 22.04,arm64
3.9.25,b3b49b727a67050aff5a4384320f018425e29af217d894c1750777bdc173d5f3,pythons/3.9.25/ubuntu-24-04-x86_64-b3b49b727a67050aff5a4384320f018425e29af217d894c1750777bdc173d5f3.tar,ubuntu 24.04,x86_64
3.9.25,ce84c2280146ea0b563a0888ba3dff4399d231a3d705c9722b8a68cb5d0ad618,pythons/3.9.25/ubuntu-24-04-arm64-ce84c2280146ea0b563a0888ba3dff4399d231a3d705c9722b8a68cb5d0ad618.tar,ubuntu 24.04,arm64
3.10.0,0fd8f8e27ce18982d9f0bebcc70d723973e7b5a150f933e985f03282198475e7,pythons/3.10.0/ubuntu-24-04-x86_64-0fd8f8e27ce18982d9f0bebcc70d723973e7b5a150f933e985f03282198475e7.tar,ubuntu 24.04,x86_64
3.10.0,340b6d8dace8ea529581bb62f2ec788d8e52cc9793d6cddfa8c6c9a94987ae98,pythons/3.10.0/ubuntu-22-04-x86_64-340b6d8dace8ea529581bb62f2ec788d8e52cc9793d6cddfa8c6c9a94987ae98.tar,ubuntu 22.04,x86_64
3.10.0,a732b1ef7fc22dfdec0d1366533f2d885f92f8135606059eb93886919ee3787d,pythons/3.10.0/ubuntu-22-04-arm64-a732b1ef7fc22dfdec0d1366533f2d885f92f8135606059eb93886919ee3787d.tar,ubuntu 22.04,arm64
3.10.0,e77bc016c93afc2d1e6ac761e5092bce895b58170a9a7a183dcbd9be0f7196f7,pythons/3.10.0/ubuntu-24-04-arm64-e77bc016c93afc2d1e6ac761e5092bce895b58170a9a7a183dcbd9be0f7196f7.tar,ubuntu 24.04,arm64
3.10.1,7be646f021e79cd7e9e742fe8cfc96bf0cb868d54e0d258de815213088a33699,pythons/3.10.1/ubuntu-24-04-x86_64-7be646f021e79cd7e9e742fe8cfc96bf0cb868d54e0d258de815213088a33699.tar,ubuntu 24.04,x86_64
3.10.1,9d54021ac086604c461b37147108a0432f1acb38196b7fceda1486a35c2247fc,pythons/3.10.1/ubuntu-22-04-arm64-9d54021ac086604c461b37147108a0432f1acb38196b7fceda1486a35c2247fc.tar,ubuntu 22.04,arm64
3.10.1,9985f8cbaa983289c8f0a5cfd0517b177a2f231137ccae5336c5180658088ff0,pythons/3.10.1/ubuntu-22-04-x86_64-9985f8cbaa983289c8f0a5cfd0517b177a2f231137ccae5336c5180658088ff0.tar,ubuntu 22.04,x86_64
3.10.1,91068530de0ebd37f24f49f708d086830431c758e7dd72cdd1abe5c352e13cd9,pythons/3.10.1/ubuntu-24-04-arm64-91068530de0ebd37f24f49f708d086830431c758e7dd72cdd1abe5c352e13cd9.tar,ubuntu 24.04,arm64
3.10.2,322631a3f1ed9b8f526782468965483af170cbc54ddca9adc8972f3b4081d86a,pythons/3.10.2/ubuntu-22-04-x86_64-322631a3f1ed9b8f526782468965483af170cbc54ddca9adc8972f3b4081d86a.tar,ubuntu 22.04,x86_64
3.10.2,333568441c9f10fbe34d2377483d64dc915475ab57cb943659e2708be0d0d8b9,pythons/3.10.2/ubuntu-24-04-x86_64-333568441c9f10fbe34d2377483d64dc915475ab57cb943659e2708be0d0d8b9.tar,ubuntu 24.04,x86_64
3.10.2,a8da83fe7e1adabfef8a93ee78f5b7f2e3de9f125e440c0148091a4279e04bf7,pythons/3.10.2/ubuntu-22-04-arm64-a8da83fe7e1adabfef8a93ee78f5b7f2e3de9f125e440c0148091a4279e04bf7.tar,ubuntu 22.04,arm64
3.10.2,b8029866a1a2363a1de03d4b20a56695d855d2c1d8d76e90d9a1637ed3d47d67,pythons/3.10.2/ubuntu-24-04-arm64-b8029866a1a2363a1de03d4b20a56695d855d2c1d8d76e90d9a1637ed3d47d67.tar,ubuntu 24.04,arm64
3.10.3,0f0ea04e35912ccaa2f0e81c3eef24825c9c87fada83191f959850b54fb87f12,pythons/3.10.3/ubuntu-22-04-arm64-0f0ea04e35912ccaa2f0e81c3eef24825c9c87fada83191f959850b54fb87f12.tar,ubuntu 22.04,arm64
3.10.3,7ad8bcbacda43fa9eeadbdff54b71e03d5c87824105d692d79461ad1f7537000,pythons/3.10.3/ubuntu-24-04-arm64-7ad8bcbacda43fa9eeadbdff54b71e03d5c87824105d692d79461ad1f7537000.tar,ubuntu 24.04,arm64
3.10.3,0487c37a2678e2e655fa6d62fbb93f0a456e332986db8682a88968fffb56f3fa,pythons/3.10.3/ubuntu-24-04-x86_64-0487c37a2678e2e655fa6d62fbb93f0a456e332986db8682a88968fffb56f3fa.tar,ubuntu 24.04,x86_64
3.10.3,71376475a5a525d99665e48bf96102954481ce4978520c50a0254c79d07a4a93,pythons/3.10.3/ubuntu-22-04-x86_64-71376475a5a525d99665e48bf96102954481ce4978520c50a0254c79d07a4a93.tar,ubuntu 22.04,x86_64
3.10.4,1d5fbe505014cfc12dfccb1ab0fec311b17bf73be006e034fca69ef2bce8b9e8,pythons/3.10.4/ubuntu-24-04-x86_64-1d5fbe505014cfc12dfccb1ab0fec311b17bf73be006e034fca69ef2bce8b9e8.tar,ubuntu 24.04,x86_64
3.10.4,05b2dfaf6e59305577ba325493def799d78df5264d86649d98451c1bf3afeb3c,pythons/3.10.4/ubuntu-22-04-arm64-05b2dfaf6e59305577ba325493def799d78df5264d86649d98451c1bf3afeb3c.tar,ubuntu 22.04,arm64
3.10.4,75bcfdd1d84c397f82c28cabd4f03831c0ceb7dff7bde6885c4e8a6e48a01380,pythons/3.10.4/ubuntu-24-04-arm64-75bcfdd1d84c397f82c28cabd4f03831c0ceb7dff7bde6885c4e8a6e48a01380.tar,ubuntu 24.04,arm64
3.10.4,e1a4e9269e532739e3201cc9f472589e513f724e063dadd84def9f4ebedbdcd6,pythons/3.10.4/ubuntu-22-04-x86_64-e1a4e9269e532739e3201cc9f472589e513f724e063dadd84def9f4ebedbdcd6.tar,ubuntu 22.04,x86_64
3.10.5,1a47ded9a3ead5d147b12083c4f0dc5fb6162132d255022e980d05f3e4718c1f,pythons/3.10.5/ubuntu-22-04-x86_64-1a47ded9a3ead5d147b12083c4f0dc5fb6162132d255022e980d05f3e4718c1f.tar,ubuntu 22.04,x86_64
3.10.5,5ee78474d3c048fed0da2fc935e4138f2f571f210981e65aca08f9634bd0e2df,pythons/3.10.5/ubuntu-22-04-arm64-5ee78474d3c048fed0da2fc935e4138f2f571f210981e65aca08f9634bd0e2df.tar,ubuntu 22.04,arm64
3.10.5,ac88de4fc0352ab493c7c1c9ec11aa3c0f575f40eb14999b254cd58f7971a4db,pythons/3.10.5/ubuntu-24-04-arm64-ac88de4fc0352ab493c7c1c9ec11aa3c0f575f40eb14999b254cd58f7971a4db.tar,ubuntu 24.04,arm64
3.10.5,b062af336af23b8238e7f012695e21d32259083670b5953bc3c026d484c37367,pythons/3.10.5/ubuntu-24-04-x86_64-b062af336af23b8238e7f012695e21d32259083670b5953bc3c026d484c37367.tar,ubuntu 24.04,x86_64
3.10.6,02b13a9cbaf16cad30b5758e6d022a8dbb7e3e082bdf4ae9e4006bd0dbb876e7,pythons/3.10.6/ubuntu-22-04-arm64-02b13a9cbaf16cad30b5758e6d022a8dbb7e3e082bdf4ae9e4006bd0dbb876e7.tar,ubuntu 22.04,arm64
3.10.6,9ea48ed4822e242786d272731654a4875da3575022d379feb2fe67d7ffb50b82,pythons/3.10.6/ubuntu-22-04-x86_64-9ea48ed4822e242786d272731654a4875da3575022d379feb2fe67d7ffb50b82.tar,ubuntu 22.04,x86_64
3.10.6,072f75fae89de92abe435d18ef4b5cdbe98dbfdeb0ab17bc441a75a06baa67fc,pythons/3.10.6/ubuntu-24-04-x86_64-072f75fae89de92abe435d18ef4b5cdbe98dbfdeb0ab17bc441a75a06baa67fc.tar,ubuntu 24.04,x86_64
3.10.6,ca2a1ecf8b3984546ba1ab150a1679562ef8c69e84b1d084c6aace12ce50614a,pythons/3.10.6/ubuntu-24-04-arm64-ca2a1ecf8b3984546ba1ab150a1679562ef8c69e84b1d084c6aace12ce50614a.tar,ubuntu 24.04,arm64
3.10.7,5fc08ce2cffa68d435f1c5ac0f50ae63bb55b8cf6aa9db7e28f92ddb09af834b,pythons/3.10.7/ubuntu-24-04-x86_64-5fc08ce2cffa68d435f1c5ac0f50ae63bb55b8cf6aa9db7e28f92ddb09af834b.tar,ubuntu 24.04,x86_64
3.10.7,15f36597621c040c44f42eb550e5c71d6db21fab81ecfcad471fe4e9cffe53bb,pythons/3.10.7/ubuntu-22-04-x86_64-15f36597621c040c44f42eb550e5c71d6db21fab81ecfcad471fe4e9cffe53bb.tar,ubuntu 22.04,x86_64
3.10.7,06482ad6de7219d61c72009d1f021795eb81fda7e91117e6f6e0ed7fd5699a92,pythons/3.10.7/ubuntu-24-04-arm64-06482ad6de7219d61c72009d1f021795eb81fda7e91117e6f6e0ed7fd5699a92.tar,ubuntu 24.04,arm64
3.10.7,111250ce13abfc735b2cc9c071361ba39448204af629bd35e6cf700becc9dea2,pythons/3.10.7/ubuntu-22-04-arm64-111250ce13abfc735b2cc9c071361ba39448204af629bd35e6cf700becc9dea2.tar,ubuntu 22.04,arm64
3.10.8,a8e4e5beae85a8efb9247c4c735709d7dcad54b222f215079d0ba73b4d0828ad,pythons/3.10.8/ubuntu-24-04-arm64-a8e4e5beae85a8efb9247c4c735709d7dcad54b222f215079d0ba73b4d0828ad.tar,ubuntu 24.04,arm64
3.10.8,bfb5e46a780c416c15f2d02dea8062dede08393f4dcc8460e6b6144f9316ddb1,pythons/3.10.8/ubuntu-22-04-arm64-bfb5e46a780c416c15f2d02dea8062dede08393f4dcc8460e6b6144f9316ddb1.tar,ubuntu 22.04,arm64
3.10.8,d8b06092668219a024bc11f63b4f00fd4f80a00c7484651baa0e6772e9a86c78,pythons/3.10.8/ubuntu-22-04-x86_64-d8b06092668219a024bc11f63b4f00fd4f80a00c7484651baa0e6772e9a86c78.tar,ubuntu 22.04,x86_64
3.10.8,e407a838f01efcfc03a351ea97a72bcedcae5141de87698fed0d4b3c756953b8,pythons/3.10.8/ubuntu-24-04-x86_64-e407a838f01efcfc03a351ea97a72bcedcae5141de87698fed0d4b3c756953b8.tar,ubuntu 24.04,x86_64
3.10.9,1bfa66d0b9ab799dbc3a5e896a22c0f2c7a5b346032614afe110823414981922,pythons/3.10.9/ubuntu-22-04-x86_64-1bfa66d0b9ab799dbc3a5e896a22c0f2c7a5b346032614afe110823414981922.tar,ubuntu 22.04,x86_64
3.10.9,8159ac491f5ffb6dcd455e6548377d367158cc9bdbfae01b6aae9583af524bf2,pythons/3.10.9/ubuntu-24-04-x86_64-8159ac491f5ffb6dcd455e6548377d367158cc9bdbfae01b6aae9583af524bf2.tar,ubuntu 24.04,x86_64
3.10.9,69656411e92b077f67ef714aca5a0f1d6879502d5fd224fa4f28334c26debb73,pythons/3.10.9/ubuntu-24-04-arm64-69656411e92b077f67ef714aca5a0f1d6879502d5fd224fa4f28334c26debb73.tar,ubuntu 24.04,arm64
3.10.9,d8cbf01e25b814826e860788e8b64ac1dab7d4619422b3fb5ce26f80b6db32d0,pythons/3.10.9/ubuntu-22-04-arm64-d8cbf01e25b814826e860788e8b64ac1dab7d4619422b3fb5ce26f80b6db32d0.tar,ubuntu 22.04,arm64
3.10.10,5f644d44ada6d646dee59715afec51dc5777fbe61dab639db6422cf0ec982154,pythons/3.10.10/ubuntu-24-04-arm64-5f644d44ada6d646dee59715afec51dc5777fbe61dab639db6422cf0ec982154.tar,ubuntu 24.04,arm64
3.10.10,234e1c051bc5ca89411588c2e5ca36be8cd41412774c76024f58a01411c10434,pythons/3.10.10/ubuntu-24-04-x86_64-234e1c051bc5ca89411588c2e5ca36be8cd41412774c76024f58a01411c10434.tar,ubuntu 24.04,x86_64
3.10.10,392f4ac2531385e6a7f28f4add570bc17dce5b82b84d98b988efdf4925b2666c,pythons/3.10.10/ubuntu-22-04-arm64-392f4ac2531385e6a7f28f4add570bc17dce5b82b84d98b988efdf4925b2666c.tar,ubuntu 22.04,arm64
3.10.10,596ba0e4e01f6508df768d7ac8dbdf2090616e499968e0daa2843a067793a089,pythons/3.10.10/ubuntu-22-04-x86_64-596ba0e4e01f6508df768d7ac8dbdf2090616e499968e0daa2843a067793a089.tar,ubuntu 22.04,x86_64
3.10.11,1a1df75bb90658fbe8ecdab553fe733c55d4a0369c4ceaa1a63f7c2ce8384032,pythons/3.10.11/ubuntu-24-04-x86_64-1a1df75bb90658fbe8ecdab553fe733c55d4a0369c4ceaa1a63f7c2ce8384032.tar,ubuntu 24.04,x86_64
3.10.11,48aa8c61061ed3b3d2d9908a6ddb80e948f7daf69863e07ceb54cbc19538dda9,pythons/3.10.11/ubuntu-22-04-arm64-48aa8c61061ed3b3d2d9908a6ddb80e948f7daf69863e07ceb54cbc19538dda9.tar,ubuntu 22.04,arm64
3.10.11,78e6873d656ecadf9c6578af06d20c4b1afb0b8b22ba314f4e4961125f416ed4,pythons/3.10.11/ubuntu-22-04-x86_64-78e6873d656ecadf9c6578af06d20c4b1afb0b8b22ba314f4e4961125f416ed4.tar,ubuntu 22.04,x86_64
3.10.11,cdf093a28169be51b3f8c33dfa32db6384402195b12e2fe550ca16e30d5b3567,pythons/3.10.11/ubuntu-24-04-arm64-cdf093a28169be51b3f8c33dfa32db6384402195b12e2fe550ca16e30d5b3567.tar,ubuntu 24.04,arm64
3.10.12,1f9fbd719101dcf462534e9745920cd9c7f10a0feaa93a60283bc95d8fbfab19,pythons/3.10.12/ubuntu-22-04-arm64-1f9fbd719101dcf462534e9745920cd9c7f10a0feaa93a60283bc95d8fbfab19.tar,ubuntu 22.04,arm64
3.10.12,3eddaeb76ec7165fb6356423d3ab791a594e3a6bfd63916d7804b5c651f0b542,pythons/3.10.12/ubuntu-24-04-arm64-3eddaeb76ec7165fb6356423d3ab791a594e3a6bfd63916d7804b5c651f0b542.tar,ubuntu 24.04,arm64
3.10.12,63c1a5457cf612879b57fc7b9c56ef1c59ccd222c6ba0281f3190cab88f4ee4e,pythons/3.10.12/ubuntu-24-04-x86_64-63c1a5457cf612879b57fc7b9c56ef1c59ccd222c6ba0281f3190cab88f4ee4e.tar,ubuntu 24.04,x86_64
3.10.12,dc100aa8348b0033348aa978ce20a124157674bd7c694eea6117a3988bb81f00,pythons/3.10.12/ubuntu-22-04-x86_64-dc100aa8348b0033348aa978ce20a124157674bd7c694eea6117a3988bb81f00.tar,ubuntu 22.04,x86_64
3.10.13,7dab4c7122eec9402eed10828e493f53ce0afd04372828c983ea3e5ef8c3e020,pythons/3.10.13/ubuntu-24-04-arm64-7dab4c7122eec9402eed10828e493f53ce0afd04372828c983ea3e5ef8c3e020.tar,ubuntu 24.04,arm64
3.10.13,b1f8982520ef347a172bfa64c2c70cb26de2a023e97fe529f1bcf039de542448,pythons/3.10.13/ubuntu-24-04-x86_64-b1f8982520ef347a172bfa64c2c70cb26de2a023e97fe529f1bcf039de542448.tar,ubuntu 24.04,x86_64
3.10.13,c89e82a273e5fc57e802f4c5d510aa1c6b9285ffc0595006d484bd9108f87188,pythons/3.10.13/ubuntu-22-04-arm64-c89e82a273e5fc57e802f4c5d510aa1c6b9285ffc0595006d484bd9108f87188.tar,ubuntu 22.04,arm64
3.10.13,d17e6a47bf4cd3b5339ee74c65d56067118097568341fd6299f9ad377dabb4e5,pythons/3.10.13/ubuntu-22-04-x86_64-d17e6a47bf4cd3b5339ee74c65d56067118097568341fd6299f9ad377dabb4e5.tar,ubuntu 22.04,x86_64
3.10.14,4c571d11746fe76eeea4e7e641b539a1debec1140735779ab030854a273a731f,pythons/3.10.14/ubuntu-24-04-x86_64-4c571d11746fe76eeea4e7e641b539a1debec1140735779ab030854a273a731f.tar,ubuntu 24.04,x86_64
3.10.14,76a4d447feb38a3814612208b93ae05d2608530873838181893505f4b10c40b6,pythons/3.10.14/ubuntu-22-04-arm64-76a4d447feb38a3814612208b93ae05d2608530873838181893505f4b10c40b6.tar,ubuntu 22.04,arm64
3.10.14,797e9981326c82f3e1f5d0fcb922ad67329e15388076a3fba5f69d6b222a0301,pythons/3.10.14/ubuntu-22-04-x86_64-797e9981326c82f3e1f5d0fcb922ad67329e15388076a3fba5f69d6b222a0301.tar,ubuntu 22.04,x86_64
3.10.14,4502e8b65c582ba11288d0f0ea62aee99bc9fedc1b7e8d6a6c477e2ab214fdbc,pythons/3.10.14/ubuntu-24-04-arm64-4502e8b65c582ba11288d0f0ea62aee99bc9fedc1b7e8d6a6c477e2ab214fdbc.tar,ubuntu 24.04,arm64
3.10.15,8ab42ab093638929c48ff2d22bf5b80b1d2acd3e9483419d2c9fe677ab801579,pythons/3.10.15/ubuntu-24-04-arm64-8ab42ab093638929c48ff2d22bf5b80b1d2acd3e9483419d2c9fe677ab801579.tar,ubuntu 24.04,arm64
3.10.15,73600886cab9bf634afdf70a56a5b891f9584f6863bc2a99f48b2bc0cbde4bd7,pythons/3.10.15/ubuntu-22-04-arm64-73600886cab9bf634afdf70a56a5b891f9584f6863bc2a99f48b2bc0cbde4bd7.tar,ubuntu 22.04,arm64
3.10.15,c9c7d806f05ded8f7a3acc25d0207db74dc403b42deb3e63a8e63a01a0e91004,pythons/3.10.15/ubuntu-22-04-x86_64-c9c7d806f05ded8f7a3acc25d0207db74dc403b42deb3e63a8e63a01a0e91004.tar,ubuntu 22.04,x86_64
3.10.15,c7913afe6f6eadc8f44c928f9c086ca6398d1f3e6f10e70241135c761d56ff8c,pythons/3.10.15/ubuntu-24-04-x86_64-c7913afe6f6eadc8f44c928f9c086ca6398d1f3e6f10e70241135c761d56ff8c.tar,ubuntu 24.04,x86_64
3.10.16,06becfed54f7e8ddb9cb03afbc520351d8deaa6fa195dc01a355e80e6711e46b,pythons/3.10.16/ubuntu-22-04-x86_64-06becfed54f7e8ddb9cb03afbc520351d8deaa6fa195dc01a355e80e6711e46b.tar,ubuntu 22.04,x86_64
3.10.16,437697858a02872c72d8aa0b99c33562832eea1875a7aad041aa993aaab38acb,pythons/3.10.16/ubuntu-24-04-arm64-437697858a02872c72d8aa0b99c33562832eea1875a7aad041aa993aaab38acb.tar,ubuntu 24.04,arm64
3.10.16,b021de88d29a046748324402b9248bdba3f2ec274c1023bc1916a30ece75c622,pythons/3.10.16/ubuntu-24-04-x86_64-b021de88d29a046748324402b9248bdba3f2ec274c1023bc1916a30ece75c622.tar,ubuntu 24.04,x86_64
3.10.16,bfaeea9982305283c4652872facb7877833ab11f9b0f6cc1716d6e7687ed0816,pythons/3.10.16/ubuntu-22-04-arm64-bfaeea9982305283c4652872facb7877833ab11f9b0f6cc1716d6e7687ed0816.tar,ubuntu 22.04,arm64
3.10.17,038dcd5c2c13d3295596543eb207a90656e77bc843078c1f4784ec3df4cba20e,pythons/3.10.17/ubuntu-24-04-arm64-038dcd5c2c13d3295596543eb207a90656e77bc843078c1f4784ec3df4cba20e.tar,ubuntu 24.04,arm64
3.10.17,51dd4236ce2d0e652b94c3f590e0c328e69d7a25dcaba7b31853fcf9bb4c4429,pythons/3.10.17/ubuntu-22-04-arm64-51dd4236ce2d0e652b94c3f590e0c328e69d7a25dcaba7b31853fcf9bb4c4429.tar,ubuntu 22.04,arm64
3.10.17,c822f73c155f07aded2c21f0a30242e5e4ea2d98f83a7588a1f9b16dbd99928a,pythons/3.10.17/ubuntu-22-04-x86_64-c822f73c155f07aded2c21f0a30242e5e4ea2d98f83a7588a1f9b16dbd99928a.tar,ubuntu 22.04,x86_64
3.10.17,f6d1ab9f28336c8fb6e5737b1ca22e98c98cd3017d56c3bd59fd8d390c8617c2,pythons/3.10.17/ubuntu-24-04-x86_64-f6d1ab9f28336c8fb6e5737b1ca22e98c98cd3017d56c3bd59fd8d390c8617c2.tar,ubuntu 24.04,x86_64
3.10.18,03b960dcbb8563d697cc3317d0d6428ee365ec9a2789a682df01d643f25ce2a6,pythons/3.10.18/ubuntu-24-04-arm64-03b960dcbb8563d697cc3317d0d6428ee365ec9a2789a682df01d643f25ce2a6.tar,ubuntu 24.04,arm64
3.10.18,4eedc558211657ab37b63e0933210cd3b1611ce3102f6e8a1253a348973fe41f,pythons/3.10.18/ubuntu-24-04-x86_64-4eedc558211657ab37b63e0933210cd3b1611ce3102f6e8a1253a348973fe41f.tar,ubuntu 24.04,x86_64
3.10.18,ee603df76928f3f5476576fea593fc925bdc89d99bd1962316512d7dce2d903b,pythons/3.10.18/ubuntu-22-04-x86_64-ee603df76928f3f5476576fea593fc925bdc89d99bd1962316512d7dce2d903b.tar,ubuntu 22.04,x86_64
3.10.18,f67fc8813423f50d06172c660641c0b1777a7abb8f489c90e427d937ac24603b,pythons/3.10.18/ubuntu-22-04-arm64-f67fc8813423f50d06172c660641c0b1777a7abb8f489c90e427d937ac24603b.tar,ubuntu 22.04,arm64
3.10.19,6f869cf2622cebe0abf86a05abc2d8dc5af19aff1535463d65bf48e3c690ebbc,pythons/3.10.19/ubuntu-22-04-arm64-6f869cf2622cebe0abf86a05abc2d8dc5af19aff1535463d65bf48e3c690ebbc.tar,ubuntu 22.04,arm64
3.10.19,a3c56b80ea53579ea3e9b27e4d6a6b9de43a9b35dcbfe2a9082a809c02e4512e,pythons/3.10.19/ubuntu-24-04-arm64-a3c56b80ea53579ea3e9b27e4d6a6b9de43a9b35dcbfe2a9082a809c02e4512e.tar,ubuntu 24.04,arm64
3.10.19,c33d78a86c71a5031bea41a2eccc24143593a55f31bde70fb7fd080f3dfd3cab,pythons/3.10.19/ubuntu-22-04-x86_64-c33d78a86c71a5031bea41a2eccc24143593a55f31bde70fb7fd080f3dfd3cab.tar,ubuntu 22.04,x86_64
3.10.19,fa35db85e3f463c2841dfed6f8d901db60c328df127a9aed9026e266e9fb2ed4,pythons/3.10.19/ubuntu-24-04-x86_64-fa35db85e3f463c2841dfed6f8d901db60c328df127a9aed9026e266e9fb2ed4.tar,ubuntu 24.04,x86_64
3.11.0,05abaef97d885d2f873cb489e6509f99f0e7321e93ba5b4ae572a47b58cac2f7,pythons/3.11.0/ubuntu-24-04-x86_64-05abaef97d885d2f873cb489e6509f99f0e7321e93ba5b4ae572a47b58cac2f7.tar,ubuntu 24.04,x86_64
3.11.0,5e9d10c5c1d1b5abb9bb4d6295ec9ea8cfaf3002731d39b0bd0f50952ef7c0e4,pythons/3.11.0/ubuntu-24-04-arm64-5e9d10c5c1d1b5abb9bb4d6295ec9ea8cfaf3002731d39b0bd0f50952ef7c0e4.tar,ubuntu 24.04,arm64
3.11.0,9ea009bad254be947b990aa9fef14d8313bdeb045f01491d0b54789c12044e6b,pythons/3.11.0/ubuntu-22-04-arm64-9ea009bad254be947b990aa9fef14d8313bdeb045f01491d0b54789c12044e6b.tar,ubuntu 22.04,arm64
3.11.0,b4676357cfc8c1f7020f71316aa9ffa9dbbcc76c2f8b58bd90c07678a59f140f,pythons/3.11.0/ubuntu-22-04-x86_64-b4676357cfc8c1f7020f71316aa9ffa9dbbcc76c2f8b58bd90c07678a59f140f.tar,ubuntu 22.04,x86_64
3.11.1,68e62569b15e0cbbde21fd4f0f774c9d11a6efb2ac14f2ec188e715f7858d029,pythons/3.11.1/ubuntu-22-04-arm64-68e62569b15e0cbbde21fd4f0f774c9d11a6efb2ac14f2ec188e715f7858d029.tar,ubuntu 22.04,arm64
3.11.1,7602eaa5a7c7017bd6ee40ea178c56823ff3024b73a48f814d47ae8ac86a4504,pythons/3.11.1/ubuntu-24-04-arm64-7602eaa5a7c7017bd6ee40ea178c56823ff3024b73a48f814d47ae8ac86a4504.tar,ubuntu 24.04,arm64
3.11.1,ad0d03c2d3f6b73605f8f029a763ae51109478118f22c2181f009caddbdacc16,pythons/3.11.1/ubuntu-24-04-x86_64-ad0d03c2d3f6b73605f8f029a763ae51109478118f22c2181f009caddbdacc16.tar,ubuntu 24.04,x86_64
3.11.1,d06b2329a73c3b4b25d0148287a44e3474ee529447fd23642db68a2885e23d4f,pythons/3.11.1/ubuntu-22-04-x86_64-d06b2329a73c3b4b25d0148287a44e3474ee529447fd23642db68a2885e23d4f.tar,ubuntu 22.04,x86_64
3.11.2,49d47c3c25faa2b32f37d6d85385295e45354494535ce6c164eeeb4539963a90,pythons/3.11.2/ubuntu-22-04-x86_64-49d47c3c25faa2b32f37d6d85385295e45354494535ce6c164eeeb4539963a90.tar,ubuntu 22.04,x86_64
3.11.2,9509de464eaec7459a029b37cf99fab8a5092c529d54bb0fb028a4af915ca0e6,pythons/3.11.2/ubuntu-24-04-x86_64-9509de464eaec7459a029b37cf99fab8a5092c529d54bb0fb028a4af915ca0e6.tar,ubuntu 24.04,x86_64
3.11.2,ad3ad6623c36ef3ff9a7c53a7814d8cccabb6218f07f5ffa4fd3a4b856b408e2,pythons/3.11.2/ubuntu-24-04-arm64-ad3ad6623c36ef3ff9a7c53a7814d8cccabb6218f07f5ffa4fd3a4b856b408e2.tar,ubuntu 24.04,arm64
3.11.2,d6fcabca585d49050a5a64297762fe92a7b2124d0a1bb3b0b112cb2e4cd1f5cd,pythons/3.11.2/ubuntu-22-04-arm64-d6fcabca585d49050a5a64297762fe92a7b2124d0a1bb3b0b112cb2e4cd1f5cd.tar,ubuntu 22.04,arm64
3.11.3,3b1173a101c1cd141c399058fd0f3ed7fa493cffec5963edc8f9670180901086,pythons/3.11.3/ubuntu-24-04-arm64-3b1173a101c1cd141c399058fd0f3ed7fa493cffec5963edc8f9670180901086.tar,ubuntu 24.04,arm64
3.11.3,60d4ebd934719e1819f24f57359293314fa9c327423c10ab57ea36f93e49690e,pythons/3.11.3/ubuntu-22-04-x86_64-60d4ebd934719e1819f24f57359293314fa9c327423c10ab57ea36f93e49690e.tar,ubuntu 22.04,x86_64
3.11.3,4365aec23a6bf31a650ed0a9cc9e8c26c2b18f30cd2bd64e54f4ef94d82c5bf2,pythons/3.11.3/ubuntu-24-04-x86_64-4365aec23a6bf31a650ed0a9cc9e8c26c2b18f30cd2bd64e54f4ef94d82c5bf2.tar,ubuntu 24.04,x86_64
3.11.3,26906791ecaffa1db065318aef7ea1b0439478a116e224a84f7cef170c6404d2,pythons/3.11.3/ubuntu-22-04-arm64-26906791ecaffa1db065318aef7ea1b0439478a116e224a84f7cef170c6404d2.tar,ubuntu 22.04,arm64
3.11.4,0047b81ce589cf306afaff3b218ba17d4639b3923d9a55cae8afe4236cc7e87f,pythons/3.11.4/ubuntu-22-04-x86_64-0047b81ce589cf306afaff3b218ba17d4639b3923d9a55cae8afe4236cc7e87f.tar,ubuntu 22.04,x86_64
3.11.4,9915a82adaac62d8ec50c199176fc65957d0f45657d9e16ebc7774f8fc234b2e,pythons/3.11.4/ubuntu-22-04-arm64-9915a82adaac62d8ec50c199176fc65957d0f45657d9e16ebc7774f8fc234b2e.tar,ubuntu 22.04,arm64
3.11.4,e35c5bc9da0a44dcb42fc935b1358ebaf85a1a13ffa9d73bf029b83500da297f,pythons/3.11.4/ubuntu-24-04-arm64-e35c5bc9da0a44dcb42fc935b1358ebaf85a1a13ffa9d73bf029b83500da297f.tar,ubuntu 24.04,arm64
3.11.4,f97c04afd7251a21a649671bcdc5c0788a8b60ebe2492df93af3cd6243b8077f,pythons/3.11.4/ubuntu-24-04-x86_64-f97c04afd7251a21a649671bcdc5c0788a8b60ebe2492df93af3cd6243b8077f.tar,ubuntu 24.04,x86_64
3.11.5,3b4bffc3b473f11a2783c452f5a9e0e442d9e196dce5244b594503e0b3a67b44,pythons/3.11.5/ubuntu-22-04-x86_64-3b4bffc3b473f11a2783c452f5a9e0e442d9e196dce5244b594503e0b3a67b44.tar,ubuntu 22.04,x86_64
3.11.5,6c5af16817955a05e5e316cb94bee5e6ff3fb76d6149ed9a169428bf570f1dcf,pythons/3.11.5/ubuntu-22-04-arm64-6c5af16817955a05e5e316cb94bee5e6ff3fb76d6149ed9a169428bf570f1dcf.tar,ubuntu 22.04,arm64
3.11.5,13d86981798c649e3445b5315ee68da83189fec1bb1c05fc92a93335b51ff945,pythons/3.11.5/ubuntu-24-04-arm64-13d86981798c649e3445b5315ee68da83189fec1bb1c05fc92a93335b51ff945.tar,ubuntu 24.04,arm64
3.11.5,c6f0804b94fc81a49384b754ae87a3e6d096fe1977ca3e46ae4c18845d175c64,pythons/3.11.5/ubuntu-24-04-x86_64-c6f0804b94fc81a49384b754ae87a3e6d096fe1977ca3e46ae4c18845d175c64.tar,ubuntu 24.04,x86_64
3.11.6,5cc53866b2991a2a90eb57da50f20c2b03bea2167d32cb06a33bd640663d335a,pythons/3.11.6/ubuntu-24-04-x86_64-5cc53866b2991a2a90eb57da50f20c2b03bea2167d32cb06a33bd640663d335a.tar,ubuntu 24.04,x86_64
3.11.6,097d42b4d9606f6448f951aea3f7a62a5d8428be61bb7544a6c11bd3db37f5ad,pythons/3.11.6/ubuntu-24-04-arm64-097d42b4d9606f6448f951aea3f7a62a5d8428be61bb7544a6c11bd3db37f5ad.tar,ubuntu 24.04,arm64
3.11.6,a5beb720e2cfd9ec5b9ce11574087238978c4373d89c8eea68a40294c38dfc87,pythons/3.11.6/ubuntu-22-04-arm64-a5beb720e2cfd9ec5b9ce11574087238978c4373d89c8eea68a40294c38dfc87.tar,ubuntu 22.04,arm64
3.11.6,cf8c3d0455d905f93a8016c5301660de992bc262d8370a32d8a106da76b5039c,pythons/3.11.6/ubuntu-22-04-x86_64-cf8c3d0455d905f93a8016c5301660de992bc262d8370a32d8a106da76b5039c.tar,ubuntu 22.04,x86_64
3.11.7,7fd920077cfa7043b2dbe790e342b257283b5bc8ab32f61004ad93460158b994,pythons/3.11.7/ubuntu-22-04-x86_64-7fd920077cfa7043b2dbe790e342b257283b5bc8ab32f61004ad93460158b994.tar,ubuntu 22.04,x86_64
3.11.7,756b749af9bbe4ecc1a24bc5790cef851e784845c875885bd7ddd094473d5adb,pythons/3.11.7/ubuntu-22-04-arm64-756b749af9bbe4ecc1a24bc5790cef851e784845c875885bd7ddd094473d5adb.tar,ubuntu 22.04,arm64
3.11.7,26097f5af5246af815b3531bcbfb41dafcca55e374ef95d079093021ecfb817d,pythons/3.11.7/ubuntu-24-04-arm64-26097f5af5246af815b3531bcbfb41dafcca55e374ef95d079093021ecfb817d.tar,ubuntu 24.04,arm64
3.11.7,e9b2538227c2eb18eeb1914327f9ee4aa1305b31225691e32ad45c73eb74354c,pythons/3.11.7/ubuntu-24-04-x86_64-e9b2538227c2eb18eeb1914327f9ee4aa1305b31225691e32ad45c73eb74354c.tar,ubuntu 24.04,x86_64
3.11.8,4e7971658b9e998e4cc233ef2e2c9a379a0f3f8ed3adbd5819efa67546ed244a,pythons/3.11.8/ubuntu-24-04-arm64-4e7971658b9e998e4cc233ef2e2c9a379a0f3f8ed3adbd5819efa67546ed244a.tar,ubuntu 24.04,arm64
3.11.8,8f6c8d1edc49f404f25128b0c24dae06a21057ef948b27c8ae4ecda74571e4fb,pythons/3.11.8/ubuntu-22-04-arm64-8f6c8d1edc49f404f25128b0c24dae06a21057ef948b27c8ae4ecda74571e4fb.tar,ubuntu 22.04,arm64
3.11.8,b94a1c14adf6278f02c5d299dc6960a7dd49bbcb38ef052790a76273629c0aa9,pythons/3.11.8/ubuntu-24-04-x86_64-b94a1c14adf6278f02c5d299dc6960a7dd49bbcb38ef052790a76273629c0aa9.tar,ubuntu 24.04,x86_64
3.11.8,e2b3c727f23d5540aa33ef6e23e2251dd0c0aa5305f8e7adb242ca750137df79,pythons/3.11.8/ubuntu-22-04-x86_64-e2b3c727f23d5540aa33ef6e23e2251dd0c0aa5305f8e7adb242ca750137df79.tar,ubuntu 22.04,x86_64
3.11.9,00dbb9b7538f40f64b0bb7d179ee7a56c327927d49f621362be07435c63b72d1,pythons/3.11.9/ubuntu-22-04-arm64-00dbb9b7538f40f64b0bb7d179ee7a56c327927d49f621362be07435c63b72d1.tar,ubuntu 22.04,arm64
3.11.9,5a82e653aff3642e3e82670c584c12cb08d1c3dfa9904041bc7922a58f74c532,pythons/3.11.9/ubuntu-22-04-x86_64-5a82e653aff3642e3e82670c584c12cb08d1c3dfa9904041bc7922a58f74c532.tar,ubuntu 22.04,x86_64
3.11.9,07e25a080ca8b0e73319c04286ac65ef1bf8920052fb89fab49f4b834f290151,pythons/3.11.9/ubuntu-24-04-x86_64-07e25a080ca8b0e73319c04286ac65ef1bf8920052fb89fab49f4b834f290151.tar,ubuntu 24.04,x86_64
3.11.9,a0a14e187a2dc6273e18b5489a223c5783de2577d0edbe01cdaef4a228179180,pythons/3.11.9/ubuntu-24-04-arm64-a0a14e187a2dc6273e18b5489a223c5783de2577d0edbe01cdaef4a228179180.tar,ubuntu 24.04,arm64
3.11.10,8d16a566dba3f442b1d566c7e5e02b7cda52fa88ccee68215050a173a2efb458,pythons/3.11.10/ubuntu-24-04-arm64-8d16a566dba3f442b1d566c7e5e02b7cda52fa88ccee68215050a173a2efb458.tar,ubuntu 24.04,arm64
3.11.10,09b603e180429500a667e8142d31c189fb78b634455534c1ffd56bb16da7e955,pythons/3.11.10/ubuntu-22-04-x86_64-09b603e180429500a667e8142d31c189fb78b634455534c1ffd56bb16da7e955.tar,ubuntu 22.04,x86_64
3.11.10,909c1daae817bfe4fccf8d63093ea4ed820f6cf3103466ef95570defb2d1a88c,pythons/3.11.10/ubuntu-24-04-x86_64-909c1daae817bfe4fccf8d63093ea4ed820f6cf3103466ef95570defb2d1a88c.tar,ubuntu 24.04,x86_64
3.11.10,54966e1ada43e4a4a2916aa47dbe29b74d49ef7583163e71c386736753badb5c,pythons/3.11.10/ubuntu-22-04-arm64-54966e1ada43e4a4a2916aa47dbe29b74d49ef7583163e71c386736753badb5c.tar,ubuntu 22.04,arm64
3.11.11,9659c145e0ac724fb593070c2f6f163f0e78e79eb809f4644305c4cfb700f534,pythons/3.11.11/ubuntu-24-04-arm64-9659c145e0ac724fb593070c2f6f163f0e78e79eb809f4644305c4cfb700f534.tar,ubuntu 24.04,arm64
3.11.11,0295559792780778d6e2e7c590025ab44f5fc339f7c579e1fda0713b4fc95158,pythons/3.11.11/ubuntu-24-04-x86_64-0295559792780778d6e2e7c590025ab44f5fc339f7c579e1fda0713b4fc95158.tar,ubuntu 24.04,x86_64
3.11.11,b5e0023fd26885aa43df87077fbb2cd6a8486fc216f69337257358e00dba2bc1,pythons/3.11.11/ubuntu-22-04-arm64-b5e0023fd26885aa43df87077fbb2cd6a8486fc216f69337257358e00dba2bc1.tar,ubuntu 22.04,arm64
3.11.11,d26fa4e75f1c51dd54902b059480cff2a7d6758ccae35823a32bab797bb3946b,pythons/3.11.11/ubuntu-22-04-x86_64-d26fa4e75f1c51dd54902b059480cff2a7d6758ccae35823a32bab797bb3946b.tar,ubuntu 22.04,x86_64
3.11.12,29804e9b2ea231d7cd1f9268c6f565b66259eae725d28b7623ae95b0d264c212,pythons/3.11.12/ubuntu-22-04-arm64-29804e9b2ea231d7cd1f9268c6f565b66259eae725d28b7623ae95b0d264c212.tar,ubuntu 22.04,arm64
3.11.12,b02eb0eb77530401e25a08ccc03e0a1a416cf9328386e3ce625cc51e19d4a425,pythons/3.11.12/ubuntu-24-04-arm64-b02eb0eb77530401e25a08ccc03e0a1a416cf9328386e3ce625cc51e19d4a425.tar,ubuntu 24.04,arm64
3.11.12,d6c7a16c9dd415cababb9853f9507de9621cf1459859a8d649bbe288f1873e80,pythons/3.11.12/ubuntu-24-04-x86_64-d6c7a16c9dd415cababb9853f9507de9621cf1459859a8d649bbe288f1873e80.tar,ubuntu 24.04,x86_64
3.11.12,eac6154fd9c2bdd28337bf7a05406ee18d143837ed49a9115e9deaca91ea11f0,pythons/3.11.12/ubuntu-22-04-x86_64-eac6154fd9c2bdd28337bf7a05406ee18d143837ed49a9115e9deaca91ea11f0.tar,ubuntu 22.04,x86_64
3.11.13,5adf015b0ab4303f7d737769379859243c435b40092bacb32c916f139ef00864,pythons/3.11.13/ubuntu-22-04-arm64-5adf015b0ab4303f7d737769379859243c435b40092bacb32c916f139ef00864.tar,ubuntu 22.04,arm64
3.11.13,7e1c0db42637456c165dddaab281650d76d2529f440721427b97f7ab5e4289cf,pythons/3.11.13/ubuntu-22-04-x86_64-7e1c0db42637456c165dddaab281650d76d2529f440721427b97f7ab5e4289cf.tar,ubuntu 22.04,x86_64
3.11.13,cef0307441d107592376073141f95343f733cfa832c80655d26f125b4f68bd86,pythons/3.11.13/ubuntu-24-04-x86_64-cef0307441d107592376073141f95343f733cfa832c80655d26f125b4f68bd86.tar,ubuntu 24.04,x86_64
3.11.13,e4a402b581644e35ac7017a6f69122ec5b3db7fddb2edcaed08be968c1f168c1,pythons/3.11.13/ubuntu-24-04-arm64-e4a402b581644e35ac7017a6f69122ec5b3db7fddb2edcaed08be968c1f168c1.tar,ubuntu 24.04,arm64
3.11.14,89a760095ca39463fed78f1ab612292bd8548b9dd35080089ebde554fc16edb6,pythons/3.11.14/ubuntu-22-04-x86_64-89a760095ca39463fed78f1ab612292bd8548b9dd35080089ebde554fc16edb6.tar,ubuntu 22.04,x86_64
3.11.14,5954156dc4fb70b755f392d6fb2906460585a1f28b26184a7ec6476b93e7227b,pythons/3.11.14/ubuntu-22-04-arm64-5954156dc4fb70b755f392d6fb2906460585a1f28b26184a7ec6476b93e7227b.tar,ubuntu 22.04,arm64
3.11.14,d74a18730dfb73ba55b7217b31817e6eacd5a04d83569d4146c7fe81cd216079,pythons/3.11.14/ubuntu-24-04-arm64-d74a18730dfb73ba55b7217b31817e6eacd5a04d83569d4146c7fe81cd216079.tar,ubuntu 24.04,arm64
3.11.14,f66ac11e3fec539b7f1a101bae6f608517026626e7a2289b48927c443ddd2b90,pythons/3.11.14/ubuntu-24-04-x86_64-f66ac11e3fec539b7f1a101bae6f608517026626e7a2289b48927c443ddd2b90.tar,ubuntu 24.04,x86_64
3.12.0,1d0e54d3eb989471af5b4be401685f96350aedc088ddbf9b301c82982830db40,pythons/3.12.0/ubuntu-22-04-arm64-1d0e54d3eb989471af5b4be401685f96350aedc088ddbf9b301c82982830db40.tar,ubuntu 22.04,arm64
3.12.0,9f4503d52ce8f53c7be37e57f36fdd34cb29c0c79dcbe3738fdc703bfeec9b28,pythons/3.12.0/ubuntu-24-04-arm64-9f4503d52ce8f53c7be37e57f36fdd34cb29c0c79dcbe3738fdc703bfeec9b28.tar,ubuntu 24.04,arm64
3.12.0,77b89e7c4a8ab69b9d08e8dbdd544d96ae5bbdeeb5b042942dea428e17ac8205,pythons/3.12.0/ubuntu-22-04-x86_64-77b89e7c4a8ab69b9d08e8dbdd544d96ae5bbdeeb5b042942dea428e17ac8205.tar,ubuntu 22.04,x86_64
3.12.0,c0986caa08e4ede8dfd0425ef529c1f498ced792b09fa0006b16d42d73b35f67,pythons/3.12.0/ubuntu-24-04-x86_64-c0986caa08e4ede8dfd0425ef529c1f498ced792b09fa0006b16d42d73b35f67.tar,ubuntu 24.04,x86_64
3.12.1,4beb4d16cff7c7cc1c85b2a80e22942c4b4ba240d7f1fdc690675b47172f647d,pythons/3.12.1/ubuntu-24-04-arm64-4beb4d16cff7c7cc1c85b2a80e22942c4b4ba240d7f1fdc690675b47172f647d.tar,ubuntu 24.04,arm64
3.12.1,6fd88ce5356ad1874990b15b27d7387bcbe5f39caef7c78743158c53c2629879,pythons/3.12.1/ubuntu-22-04-arm64-6fd88ce5356ad1874990b15b27d7387bcbe5f39caef7c78743158c53c2629879.tar,ubuntu 22.04,arm64
3.12.1,e8036952c16dbc07996bfaee6b7708f7cab58da1320b263e3eef099732c57fc4,pythons/3.12.1/ubuntu-22-04-x86_64-e8036952c16dbc07996bfaee6b7708f7cab58da1320b263e3eef099732c57fc4.tar,ubuntu 22.04,x86_64
3.12.1,f8df2f7ddfd10c4e9f14be1b4fb1fe60521d7a9f996da343862c7e1cb6b6be7c,pythons/3.12.1/ubuntu-24-04-x86_64-f8df2f7ddfd10c4e9f14be1b4fb1fe60521d7a9f996da343862c7e1cb6b6be7c.tar,ubuntu 24.04,x86_64
3.12.2,2fc88ecd4b2017238787f856ae638f3b9806f2af2d85954b17b9241166a4ae55,pythons/3.12.2/ubuntu-24-04-x86_64-2fc88ecd4b2017238787f856ae638f3b9806f2af2d85954b17b9241166a4ae55.tar,ubuntu 24.04,x86_64
3.12.2,4b9e29306e34e2b95df71fb1c9ef303cedac6588b4dbf91eb495534cf6817252,pythons/3.12.2/ubuntu-22-04-x86_64-4b9e29306e34e2b95df71fb1c9ef303cedac6588b4dbf91eb495534cf6817252.tar,ubuntu 22.04,x86_64
3.12.2,722a9003fefb8ca6dc485b84b26152e271b6ec5963c4185002744d5a48fa5fe4,pythons/3.12.2/ubuntu-22-04-arm64-722a9003fefb8ca6dc485b84b26152e271b6ec5963c4185002744d5a48fa5fe4.tar,ubuntu 22.04,arm64
3.12.2,d37070caac977921a40165379ce6af9e9903c60ad8caf597bfe77bed9e27dc64,pythons/3.12.2/ubuntu-24-04-arm64-d37070caac977921a40165379ce6af9e9903c60ad8caf597bfe77bed9e27dc64.tar,ubuntu 24.04,arm64
3.12.3,7b4f88b5e39f8bf0a134f855ca83e6f2c966075256076cdabbc7c478458454af,pythons/3.12.3/ubuntu-24-04-x86_64-7b4f88b5e39f8bf0a134f855ca83e6f2c966075256076cdabbc7c478458454af.tar,ubuntu 24.04,x86_64
3.12.3,9a01e5e7690cd3bc45af2cfcd34887f1e11475235730337a5bd433d98017f9f8,pythons/3.12.3/ubuntu-24-04-arm64-9a01e5e7690cd3bc45af2cfcd34887f1e11475235730337a5bd433d98017f9f8.tar,ubuntu 24.04,arm64
3.12.3,cc950ceb5904ebd90ddd169721b44840a5ea87df405a136bb37236f92eaa433f,pythons/3.12.3/ubuntu-22-04-x86_64-cc950ceb5904ebd90ddd169721b44840a5ea87df405a136bb37236f92eaa433f.tar,ubuntu 22.04,x86_64
3.12.3,f2e07ccb6e3afe97b2022bf362d68d416e279ae1314bdf8915a54beab1f3f484,pythons/3.12.3/ubuntu-22-04-arm64-f2e07ccb6e3afe97b2022bf362d68d416e279ae1314bdf8915a54beab1f3f484.tar,ubuntu 22.04,arm64
3.12.4,6f640760fd509c0e1f51ecf580d8e49a9bdd8dabc0159ccb0a2694a65231df83,pythons/3.12.4/ubuntu-22-04-arm64-6f640760fd509c0e1f51ecf580d8e49a9bdd8dabc0159ccb0a2694a65231df83.tar,ubuntu 22.04,arm64
3.12.4,174ec7e81a16ab672d214d6b1faab441c34c68a0ee9a2950df945aa93bc36690,pythons/3.12.4/ubuntu-22-04-x86_64-174ec7e81a16ab672d214d6b1faab441c34c68a0ee9a2950df945aa93bc36690.tar,ubuntu 22.04,x86_64
3.12.4,ce75f41e29a7d063c6321993fd3047c820ea0c8b36b3312885e57e0367c89451,pythons/3.12.4/ubuntu-24-04-x86_64-ce75f41e29a7d063c6321993fd3047c820ea0c8b36b3312885e57e0367c89451.tar,ubuntu 24.04,x86_64
3.12.4,d7cbad22f64b7d0667c6127cb5e8135136dfd4834b3795bf1e8e78324fb67af7,pythons/3.12.4/ubuntu-24-04-arm64-d7cbad22f64b7d0667c6127cb5e8135136dfd4834b3795bf1e8e78324fb67af7.tar,ubuntu 24.04,arm64
3.12.5,4f80ad163c063de638415dff52b88d74115d26f6d06eaa4b2e9311d0ad4d1967,pythons/3.12.5/ubuntu-22-04-x86_64-4f80ad163c063de638415dff52b88d74115d26f6d06eaa4b2e9311d0ad4d1967.tar,ubuntu 22.04,x86_64
3.12.5,9124399e4fce5000f614695581cb7bf735af53d6f5098b7cb343542b80e2718e,pythons/3.12.5/ubuntu-24-04-x86_64-9124399e4fce5000f614695581cb7bf735af53d6f5098b7cb343542b80e2718e.tar,ubuntu 24.04,x86_64
3.12.5,c3e2adba2b6d62733eaf7f3ac474f63acb8a8d221293b739b1fc281951fa2c17,pythons/3.12.5/ubuntu-22-04-arm64-c3e2adba2b6d62733eaf7f3ac474f63acb8a8d221293b739b1fc281951fa2c17.tar,ubuntu 22.04,arm64
3.12.5,db014be581dc4bdd8596398ee4324688d4d8aa6b83d7fe50cd8e6c898a3e1d27,pythons/3.12.5/ubuntu-24-04-arm64-db014be581dc4bdd8596398ee4324688d4d8aa6b83d7fe50cd8e6c898a3e1d27.tar,ubuntu 24.04,arm64
3.12.6,02c32759b3deb7619c034a80c13529af2074764a05c488d3911e4980e2657763,pythons/3.12.6/ubuntu-24-04-arm64-02c32759b3deb7619c034a80c13529af2074764a05c488d3911e4980e2657763.tar,ubuntu 24.04,arm64
3.12.6,264be0d116f28595fbc3db88c62f279d0e45bcb0c7409b0cfebe4d6e995ca6ea,pythons/3.12.6/ubuntu-22-04-arm64-264be0d116f28595fbc3db88c62f279d0e45bcb0c7409b0cfebe4d6e995ca6ea.tar,ubuntu 22.04,arm64
3.12.6,293171900c50434de509d8c881448ddf4237a15c72d9ac929412a404a2ad7faa,pythons/3.12.6/ubuntu-22-04-x86_64-293171900c50434de509d8c881448ddf4237a15c72d9ac929412a404a2ad7faa.tar,ubuntu 22.04,x86_64
3.12.6,d77b5b40f3e8def50dd3babdeb137ac6ad3c95329c0f9ff27aa9cc2047520f55,pythons/3.12.6/ubuntu-24-04-x86_64-d77b5b40f3e8def50dd3babdeb137ac6ad3c95329c0f9ff27aa9cc2047520f55.tar,ubuntu 24.04,x86_64
3.12.7,163b4015b84779cfc25573609c9b2d3c93eb5226a1bb50285d63a941de91e9e2,pythons/3.12.7/ubuntu-22-04-arm64-163b4015b84779cfc25573609c9b2d3c93eb5226a1bb50285d63a941de91e9e2.tar,ubuntu 22.04,arm64
3.12.7,506c9d1caa0f4a349fdddaea2acba6756b04e71d83ae8cb897402d0297329f46,pythons/3.12.7/ubuntu-24-04-x86_64-506c9d1caa0f4a349fdddaea2acba6756b04e71d83ae8cb897402d0297329f46.tar,ubuntu 24.04,x86_64
3.12.7,cd934d414bf755ae006bba4e17aac59390450f76aabce1eee0062a76e0195ef4,pythons/3.12.7/ubuntu-22-04-x86_64-cd934d414bf755ae006bba4e17aac59390450f76aabce1eee0062a76e0195ef4.tar,ubuntu 22.04,x86_64
3.12.7,d27b8504991a9b5982ea61d4caa051ae8c1cbd97405a867806ccb175a402d492,pythons/3.12.7/ubuntu-24-04-arm64-d27b8504991a9b5982ea61d4caa051ae8c1cbd97405a867806ccb175a402d492.tar,ubuntu 24.04,arm64
3.12.8,1f8b591bb8444255d64cebe917dd64e033d3c3e37a98f1add5b766b6e9b5a5a3,pythons/3.12.8/ubuntu-22-04-x86_64-1f8b591bb8444255d64cebe917dd64e033d3c3e37a98f1add5b766b6e9b5a5a3.tar,ubuntu 22.04,x86_64
3.12.8,78b242853b8f04bf77ac637a1214ac7d048a4037718278dd166f900930f3d825,pythons/3.12.8/ubuntu-22-04-arm64-78b242853b8f04bf77ac637a1214ac7d048a4037718278dd166f900930f3d825.tar,ubuntu 22.04,arm64
3.12.8,219f2533c2bd6093480f72ac10324f8581d7974e3a560f7569b9253e8c80cdf3,pythons/3.12.8/ubuntu-24-04-x86_64-219f2533c2bd6093480f72ac10324f8581d7974e3a560f7569b9253e8c80cdf3.tar,ubuntu 24.04,x86_64
3.12.8,bf2fe63f1f76cf8cf64cc0002f188a0a1dc5a34404b59dea49756c57bc158843,pythons/3.12.8/ubuntu-24-04-arm64-bf2fe63f1f76cf8cf64cc0002f188a0a1dc5a34404b59dea49756c57bc158843.tar,ubuntu 24.04,arm64
3.12.9,3fdb74feab206bb2a7798cacb64b5072737da700ffe7edb648faca750cbf082b,pythons/3.12.9/ubuntu-24-04-arm64-3fdb74feab206bb2a7798cacb64b5072737da700ffe7edb648faca750cbf082b.tar,ubuntu 24.04,arm64
3.12.9,7dc6496aa64daed8a276c142b2693c3a002ec154ae604c7e2bba35754f473804,pythons/3.12.9/ubuntu-24-04-x86_64-7dc6496aa64daed8a276c142b2693c3a002ec154ae604c7e2bba35754f473804.tar,ubuntu 24.04,x86_64
3.12.9,8b35654aba636dd02696b7bfddf0bbf413fed33420ceb0758b8b966449b9dfd9,pythons/3.12.9/ubuntu-22-04-x86_64-8b35654aba636dd02696b7bfddf0bbf413fed33420ceb0758b8b966449b9dfd9.tar,ubuntu 22.04,x86_64
3.12.9,ee9e58a0363acedd8297df97dbe0bb1c1046ce608b27bae665141cc36dd6366e,pythons/3.12.9/ubuntu-22-04-arm64-ee9e58a0363acedd8297df97dbe0bb1c1046ce608b27bae665141cc36dd6366e.tar,ubuntu 22.04,arm64
3.12.10,2a23ef2b217c8606e675a9fd94558ce53258476f0bbba94b4512739e2a7fd14d,pythons/3.12.10/ubuntu-22-04-arm64-2a23ef2b217c8606e675a9fd94558ce53258476f0bbba94b4512739e2a7fd14d.tar,ubuntu 22.04,arm64
3.12.10,8d3ee96913fd7e23d82a4d267c5207abe8ddfd2da04b57ab8c4bc3930d91f78e,pythons/3.12.10/ubuntu-22-04-x86_64-8d3ee96913fd7e23d82a4d267c5207abe8ddfd2da04b57ab8c4bc3930d91f78e.tar,ubuntu 22.04,x86_64
3.12.10,176bc1bb3a831c67ffacab17a2b907cbb3545d2cea499bff0b1d5aabeaa84732,pythons/3.12.10/ubuntu-24-04-arm64-176bc1bb3a831c67ffacab17a2b907cbb3545d2cea499bff0b1d5aabeaa84732.tar,ubuntu 24.04,arm64
3.12.10,ec47af41c07993e2e6225d9aac2f8c5e3c106882b355a27ec2ef3a697196990a,pythons/3.12.10/ubuntu-24-04-x86_64-ec47af41c07993e2e6225d9aac2f8c5e3c106882b355a27ec2ef3a697196990a.tar,ubuntu 24.04,x86_64
3.12.11,6c9542d105716de6aa886e946fce081063d803c4de40ad02d89b47df69094de2,pythons/3.12.11/ubuntu-22-04-x86_64-6c9542d105716de6aa886e946fce081063d803c4de40ad02d89b47df69094de2.tar,ubuntu 22.04,x86_64
3.12.11,409fc88bdd46c04b46944ee1b042cbe2837066a3504e1ae41da79ee0d669796e,pythons/3.12.11/ubuntu-24-04-arm64-409fc88bdd46c04b46944ee1b042cbe2837066a3504e1ae41da79ee0d669796e.tar,ubuntu 24.04,arm64
3.12.11,580a00c38323cbaa5638f975569dc2634333975bd6f4d2df4a5ee134a2fdf37e,pythons/3.12.11/ubuntu-22-04-arm64-580a00c38323cbaa5638f975569dc2634333975bd6f4d2df4a5ee134a2fdf37e.tar,ubuntu 22.04,arm64
3.12.11,d729ca24c9bb7607a9f5c896ea8a5296580b8490ccc646df4eb2246d6a7d3a49,pythons/3.12.11/ubuntu-24-04-x86_64-d729ca24c9bb7607a9f5c896ea8a5296580b8490ccc646df4eb2246d6a7d3a49.tar,ubuntu 24.04,x86_64
3.12.12,7b55ee65751faa05a7f1b91cee76efb46ea6b4bafc021b04370a0446782e7091,pythons/3.12.12/ubuntu-22-04-arm64-7b55ee65751faa05a7f1b91cee76efb46ea6b4bafc021b04370a0446782e7091.tar,ubuntu 22.04,arm64
3.12.12,7eb0b440d5fd7a381a1255a846846a77e329245062e544f48b752e6a6c62e051,pythons/3.12.12/ubuntu-24-04-arm64-7eb0b440d5fd7a381a1255a846846a77e329245062e544f48b752e6a6c62e051.tar,ubuntu 24.04,arm64
3.12.12,039872fc5691190920bd71583c126e9e6b7ad404028f766f848ec3327ad77344,pythons/3.12.12/ubuntu-22-04-x86_64-039872fc5691190920bd71583c126e9e6b7ad404028f766f848ec3327ad77344.tar,ubuntu 22.04,x86_64
3.12.12,f8ea3326ebd9efa8343597ad977594637ef128ec2bec9049a3af1d3909827399,pythons/3.12.12/ubuntu-24-04-x86_64-f8ea3326ebd9efa8343597ad977594637ef128ec2bec9049a3af1d3909827399.tar,ubuntu 24.04,x86_64
3.13.0,5fbad66307171e6f09e47d9c4f5c95a69e673079206f2bb363256c1323e58d78,pythons/3.13.0/ubuntu-22-04-arm64-5fbad66307171e6f09e47d9c4f5c95a69e673079206f2bb363256c1323e58d78.tar,ubuntu 22.04,arm64
3.13.0,68d91ff45eee6560f744b9ab5f57529e36208f00229a66d3a0fe1ad58b93091c,pythons/3.13.0/ubuntu-24-04-x86_64-68d91ff45eee6560f744b9ab5f57529e36208f00229a66d3a0fe1ad58b93091c.tar,ubuntu 24.04,x86_64
3.13.0,8231f8efa5be4f152d4622cefd54c8656969151ac8b2671c1229821e72363571,pythons/3.13.0/ubuntu-22-04-x86_64-8231f8efa5be4f152d4622cefd54c8656969151ac8b2671c1229821e72363571.tar,ubuntu 22.04,x86_64
3.13.0,d338107f3b21f4e8c3774387dfc213e6c6b7f3b33577ee9899029b7ca4a7f9ce,pythons/3.13.0/ubuntu-24-04-arm64-d338107f3b21f4e8c3774387dfc213e6c6b7f3b33577ee9899029b7ca4a7f9ce.tar,ubuntu 24.04,arm64
3.13.1,08c35f26223f7c862eb02f9cece3ac5a8df19d945284ef59605bfa4b77e59246,pythons/3.13.1/ubuntu-24-04-x86_64-08c35f26223f7c862eb02f9cece3ac5a8df19d945284ef59605bfa4b77e59246.tar,ubuntu 24.04,x86_64
3.13.1,59a1155f51f3456e5bcfa58e69606da2d73727faeaef7d3ce5a445cdf0c94181,pythons/3.13.1/ubuntu-22-04-arm64-59a1155f51f3456e5bcfa58e69606da2d73727faeaef7d3ce5a445cdf0c94181.tar,ubuntu 22.04,arm64
3.13.1,e1951341e42957e80bd51d6931a38b9b809f805655b77443277519fce85ad513,pythons/3.13.1/ubuntu-24-04-arm64-e1951341e42957e80bd51d6931a38b9b809f805655b77443277519fce85ad513.tar,ubuntu 24.04,arm64
3.13.1,ee9c11df01accbd1abb44b0d872d64cb7fdd16830e255502799910a428b1d2f4,pythons/3.13.1/ubuntu-22-04-x86_64-ee9c11df01accbd1abb44b0d872d64cb7fdd16830e255502799910a428b1d2f4.tar,ubuntu 22.04,x86_64
3.13.2,1fb63c96beebb54119e9347d7f5abc8695789ff4976207cc8366c036e12f7e8a,pythons/3.13.2/ubuntu-24-04-arm64-1fb63c96beebb54119e9347d7f5abc8695789ff4976207cc8366c036e12f7e8a.tar,ubuntu 24.04,arm64
3.13.2,17d0f24dd2d47515008718b462c0aaa8f3ddd254f05ddd4738453c6b2138d0f5,pythons/3.13.2/ubuntu-22-04-x86_64-17d0f24dd2d47515008718b462c0aaa8f3ddd254f05ddd4738453c6b2138d0f5.tar,ubuntu 22.04,x86_64
3.13.2,637b2c0a4627d3c6989500d3ab38b9cdfa6928962a6d3ed3f211aecf62a9f106,pythons/3.13.2/ubuntu-22-04-arm64-637b2c0a4627d3c6989500d3ab38b9cdfa6928962a6d3ed3f211aecf62a9f106.tar,ubuntu 22.04,arm64
3.13.2,093806eed2460239e064f22ac424bef625ba517f790f8dd9850b7970b765395a,pythons/3.13.2/ubuntu-24-04-x86_64-093806eed2460239e064f22ac424bef625ba517f790f8dd9850b7970b765395a.tar,ubuntu 24.04,x86_64
3.13.3,2c845097e7a967f80b37e49568b4fafb5834b51b241452f2c7d57b914920b419,pythons/3.13.3/ubuntu-22-04-x86_64-2c845097e7a967f80b37e49568b4fafb5834b51b241452f2c7d57b914920b419.tar,ubuntu 22.04,x86_64
3.13.3,7d90c56c639920faf4c3c272ce38b78083cb0d144effdeb64e95264b2f268944,pythons/3.13.3/ubuntu-22-04-arm64-7d90c56c639920faf4c3c272ce38b78083cb0d144effdeb64e95264b2f268944.tar,ubuntu 22.04,arm64
3.13.3,10dc4e448b565cf8fdf1c29ff1dfb3f2738bf5f736c33d62c6b28aa49b53c74b,pythons/3.13.3/ubuntu-24-04-x86_64-10dc4e448b565cf8fdf1c29ff1dfb3f2738bf5f736c33d62c6b28aa49b53c74b.tar,ubuntu 24.04,x86_64
3.13.3,92f50a568acdc1d0b78f0e19bdaf75288a410edde452b69bef339e818ed08597,pythons/3.13.3/ubuntu-24-04-arm64-92f50a568acdc1d0b78f0e19bdaf75288a410edde452b69bef339e818ed08597.tar,ubuntu 24.04,arm64
3.13.4,6c127f7bf765d495d4acb62361a6683c344019d52ae71be95cd11349d44a9fb6,pythons/3.13.4/ubuntu-22-04-arm64-6c127f7bf765d495d4acb62361a6683c344019d52ae71be95cd11349d44a9fb6.tar,ubuntu 22.04,arm64
3.13.4,7e681c32a8b9976e4d0a79b34a846c1b97df314cc945317bd8e6f73ba1dabc94,pythons/3.13.4/ubuntu-22-04-x86_64-7e681c32a8b9976e4d0a79b34a846c1b97df314cc945317bd8e6f73ba1dabc94.tar,ubuntu 22.04,x86_64
3.13.4,60e454f0721801fd20fea14fce556113a8f0ac47133d93050ceb3387924f63cb,pythons/3.13.4/ubuntu-24-04-arm64-60e454f0721801fd20fea14fce556113a8f0ac47133d93050ceb3387924f63cb.tar,ubuntu 24.04,arm64
3.13.4,b6337acca8df048fe7d04fffb0e742d1d667dda03b2c39fb5baaba428039e4a8,pythons/3.13.4/ubuntu-24-04-x86_64-b6337acca8df048fe7d04fffb0e742d1d667dda03b2c39fb5baaba428039e4a8.tar,ubuntu 24.04,x86_64
3.13.5,5b25c9c0705dfe4145ab2f06d464267a54cee9b43f41a5d66f37913d203250c3,pythons/3.13.5/ubuntu-24-04-arm64-5b25c9c0705dfe4145ab2f06d464267a54cee9b43f41a5d66f37913d203250c3.tar,ubuntu 24.04,arm64
3.13.5,a99e99c7b26b5cfe33f327c73ecd5fbd341546e4ede3bd0ffe89982d6cf20eba,pythons/3.13.5/ubuntu-24-04-x86_64-a99e99c7b26b5cfe33f327c73ecd5fbd341546e4ede3bd0ffe89982d6cf20eba.tar,ubuntu 24.04,x86_64
3.13.5,fcdae747d3ce4b1a48b2731ebfc385b4e618eea68fdb521098290cefca62ba38,pythons/3.13.5/ubuntu-22-04-x86_64-fcdae747d3ce4b1a48b2731ebfc385b4e618eea68fdb521098290cefca62ba38.tar,ubuntu 22.04,x86_64
3.13.5,fe36451ae965f08c3d41430488fcdb978e8ec8770b2762549a7cf35cb312e0c2,pythons/3.13.5/ubuntu-22-04-arm64-fe36451ae965f08c3d41430488fcdb978e8ec8770b2762549a7cf35cb312e0c2.tar,ubuntu 22.04,arm64
3.13.6,0dbe45124ac640accb86c3e5d155244b07e2c395772075e2dfdff9e35672aafc,pythons/3.13.6/ubuntu-24-04-arm64-0dbe45124ac640accb86c3e5d155244b07e2c395772075e2dfdff9e35672aafc.tar,ubuntu 24.04,arm64
3.13.6,0fa7e71271e4394c1194fc58510686b0ebed39122113ec0b9b98eba9f9c42116,pythons/3.13.6/ubuntu-22-04-x86_64-0fa7e71271e4394c1194fc58510686b0ebed39122113ec0b9b98eba9f9c42116.tar,ubuntu 22.04,x86_64
3.13.6,26d09c7210781da37c8409435b87422d8257474ee2a8f2c5e43fe2ae22a7fb73,pythons/3.13.6/ubuntu-24-04-x86_64-26d09c7210781da37c8409435b87422d8257474ee2a8f2c5e43fe2ae22a7fb73.tar,ubuntu 24.04,x86_64
3.13.6,c7e74a2bf1f812698d6783f0349cfde30b98d3b23010931c18b33eb9e526d59e,pythons/3.13.6/ubuntu-22-04-arm64-c7e74a2bf1f812698d6783f0349cfde30b98d3b23010931c18b33eb9e526d59e.tar,ubuntu 22.04,arm64
3.13.7,9ed44b721180c0b58dc3d04be7ea3bdc59c23b15bffc7fdca44dd2a299be58f0,pythons/3.13.7/ubuntu-22-04-x86_64-9ed44b721180c0b58dc3d04be7ea3bdc59c23b15bffc7fdca44dd2a299be58f0.tar,ubuntu 22.04,x86_64
3.13.7,22bde4dac0bff842f6a8263aa2b81c27015c5cb7b3ea6e2c66643dd2e6698801,pythons/3.13.7/ubuntu-24-04-arm64-22bde4dac0bff842f6a8263aa2b81c27015c5cb7b3ea6e2c66643dd2e6698801.tar,ubuntu 24.04,arm64
3.13.7,71a8261c4850ced575208d44ea44b7715054336b1211ba05d79aa98dafac5943,pythons/3.13.7/ubuntu-22-04-arm64-71a8261c4850ced575208d44ea44b7715054336b1211ba05d79aa98dafac5943.tar,ubuntu 22.04,arm64
3.13.7,e3e8a3f2c1125cbcf158e919f19b5780d595c85bbbc96b6e38fecdeed9104cf4,pythons/3.13.7/ubuntu-24-04-x86_64-e3e8a3f2c1125cbcf158e919f19b5780d595c85bbbc96b6e38fecdeed9104cf4.tar,ubuntu 24.04,x86_64
3.13.8,16a3bba059bcc812e4139b51e46fd5d2eb371689fb5dbfb0f7f1caa2eda26eeb,pythons/3.13.8/ubuntu-24-04-x86_64-16a3bba059bcc812e4139b51e46fd5d2eb371689fb5dbfb0f7f1caa2eda26eeb.tar,ubuntu 24.04,x86_64
3.13.8,529f92785007c965df1e24f4335e6ce4c79e20c80381123a9feaa6e00f00b8f6,pythons/3.13.8/ubuntu-22-04-arm64-529f92785007c965df1e24f4335e6ce4c79e20c80381123a9feaa6e00f00b8f6.tar,ubuntu 22.04,arm64
3.13.8,a6b5df133553e558ae326eb70596c6dd3e553ca7620504102229e1e53a56d6be,pythons/3.13.8/ubuntu-24-04-arm64-a6b5df133553e558ae326eb70596c6dd3e553ca7620504102229e1e53a56d6be.tar,ubuntu 24.04,arm64
3.13.8,ae56632a7629ec571760bc10c8bb3b945f78d7e3d41651e2b98c1fd6bace0522,pythons/3.13.8/ubuntu-22-04-x86_64-ae56632a7629ec571760bc10c8bb3b945f78d7e3d41651e2b98c1fd6bace0522.tar,ubuntu 22.04,x86_64
3.13.9,0e7521a71e89e514bd865d7b4a79137fd62177ea1153ac0722a46913ebc492f0,pythons/3.13.9/ubuntu-22-04-x86_64-0e7521a71e89e514bd865d7b4a79137fd62177ea1153ac0722a46913ebc492f0.tar,ubuntu 22.04,x86_64
3.13.9,80e2f24f42a9e7beba7f13af2ee9f780702fdeb839276d06e4fb405da1083806,pythons/3.13.9/ubuntu-24-04-x86_64-80e2f24f42a9e7beba7f13af2ee9f780702fdeb839276d06e4fb405da1083806.tar,ubuntu 24.04,x86_64
3.13.9,afddd8d65ce12f3daf8d2661de5f4cdf715c3040b2857b7e3edb892822288d6d,pythons/3.13.9/ubuntu-22-04-arm64-afddd8d65ce12f3daf8d2661de5f4cdf715c3040b2857b7e3edb892822288d6d.tar,ubuntu 22.04,arm64
3.13.9,ff9646a4f163c05f6b61b5cd4fbda65a070157f09854c12260f7a7c95b7c3cc4,pythons/3.13.9/ubuntu-24-04-arm64-ff9646a4f163c05f6b61b5cd4fbda65a070157f09854c12260f7a7c95b7c3cc4.tar,ubuntu 24.04,arm64
3.13.10,1fb9795d6cc53f00452a6a1bab9646b9d8cf8ba762b0542bd5dd57f9eeb03ae9,pythons/3.13.10/ubuntu-24-04-arm64-1fb9795d6cc53f00452a6a1bab9646b9d8cf8ba762b0542bd5dd57f9eeb03ae9.tar,ubuntu 24.04,arm64
3.13.10,36caf8811dbf2d8bb2fcec480bad1c4abb1e7064a68800b384981e970eef7f69,pythons/3.13.10/ubuntu-22-04-arm64-36caf8811dbf2d8bb2fcec480bad1c4abb1e7064a68800b384981e970eef7f69.tar,ubuntu 22.04,arm64
3.13.10,bd1c71c7cef8bfcdc8e91c608bdc91be84ee00c14b8f1b31ab8be9aa3ea69f17,pythons/3.13.10/ubuntu-22-04-x86_64-bd1c71c7cef8bfcdc8e91c608bdc91be84ee00c14b8f1b31ab8be9aa3ea69f17.tar,ubuntu 22.04,x86_64
3.13.10,f35222b7dadcca8cdf1638c62442e48d1158b191e13b3dc29872a9d61cb31f63,pythons/3.13.10/ubuntu-24-04-x86_64-f35222b7dadcca8cdf1638c62442e48d1158b191e13b3dc29872a9d61cb31f63.tar,ubuntu 24.04,x86_64
3.13.11,25df202a9d42ed91bd54c48df4e9c959c6da0c502b109ffd25e9c3ee3911e3b5,pythons/3.13.11/ubuntu-24-04-arm64-25df202a9d42ed91bd54c48df4e9c959c6da0c502b109ffd25e9c3ee3911e3b5.tar,ubuntu 24.04,arm64
3.13.11,40692afd57155504af8f3caf06c00d955144bf89eff377cf340d6fc480c83e32,pythons/3.13.11/ubuntu-22-04-arm64-40692afd57155504af8f3caf06c00d955144bf89eff377cf340d6fc480c83e32.tar,ubuntu 22.04,arm64
3.13.11,65662ac68148e1d10b9f2865f328eac32cd26fde90f92978460239724aaddd70,pythons/3.13.11/ubuntu-22-04-x86_64-65662ac68148e1d10b9f2865f328eac32cd26fde90f92978460239724aaddd70.tar,ubuntu 22.04,x86_64
3.13.11,a4f1827a5ed6656d0d388e8a047d257e1bf2e105acd3989063c92a0463f64b5e,pythons/3.13.11/ubuntu-24-04-x86_64-a4f1827a5ed6656d0d388e8a047d257e1bf2e105acd3989063c92a0463f64b5e.tar,ubuntu 24.04,x86_64
3.14.0,c7f74c0de3ee86202ee72c3544b2828fae6c6a67910dac26baac25b7ea6955f8,pythons/3.14.0/ubuntu-22-04-arm64-c7f74c0de3ee86202ee72c3544b2828fae6c6a67910dac26baac25b7ea6955f8.tar,ubuntu 22.04,arm64
3.14.0,d058dfe3dbb6f6680fbfd8464eb9dbb5bb98cbd0d5e5ca35e4a4007b2b2ac81e,pythons/3.14.0/ubuntu-22-04-x86_64-d058dfe3dbb6f6680fbfd8464eb9dbb5bb98cbd0d5e5ca35e4a4007b2b2ac81e.tar,ubuntu 22.04,x86_64
3.14.0,e6abb3d3f56f0da26c0169ecdd30248332b4621a7580389fc21cca5af10dd96c,pythons/3.14.0/ubuntu-24-04-arm64-e6abb3d3f56f0da26c0169ecdd30248332b4621a7580389fc21cca5af10dd96c.tar,ubuntu 24.04,arm64
3.14.0,e9dbf11362b7892b9a6314f050ee4b7a212dca0dd6c30d618f5effc2a1ff7024,pythons/3.14.0/ubuntu-24-04-x86_64-e9dbf11362b7892b9a6314f050ee4b7a212dca0dd6c30d618f5effc2a1ff7024.tar,ubuntu 24.04,x86_64
3.14.1,5a455cd05f38335b297ad170a9b7482cef2219fbc89bd44493c3952a14bf4cc4,pythons/3.14.1/ubuntu-22-04-arm64-5a455cd05f38335b297ad170a9b7482cef2219fbc89bd44493c3952a14bf4cc4.tar,ubuntu 22.04,arm64
3.14.1,9fb47cc9b48b58613240cea0ec1a6064978676beb1dbf68e88fbaddb49450586,pythons/3.14.1/ubuntu-24-04-x86_64-9fb47cc9b48b58613240cea0ec1a6064978676beb1dbf68e88fbaddb49450586.tar,ubuntu 24.04,x86_64
3.14.1,57cd0858bfe65b4b43c7454b52e2d68c68e10013e0bdb057f6942dac8a7e43ac,pythons/3.14.1/ubuntu-24-04-arm64-57cd0858bfe65b4b43c7454b52e2d68c68e10013e0bdb057f6942dac8a7e43ac.tar,ubuntu 24.04,arm64
3.14.1,d3125a28700a19b13fe4d02ffa73517f08bed1752539478f515f904d5167bd21,pythons/3.14.1/ubuntu-22-04-x86_64-d3125a28700a19b13fe4d02ffa73517f08bed1752539478f515f904d5167bd21.tar,ubuntu 22.04,x86_64
3.14.2,798b416a5d6e0060d67c9e217efffc28c810bc8c35f7bf810ecc87504352470d,pythons/3.14.2/ubuntu-24-04-x86_64-798b416a5d6e0060d67c9e217efffc28c810bc8c35f7bf810ecc87504352470d.tar,ubuntu 24.04,x86_64
3.14.2,993ca9899f43c2bba4e002c2efcc224d895a137dae00465edd1ca7f9d7bc3564,pythons/3.14.2/ubuntu-24-04-arm64-993ca9899f43c2bba4e002c2efcc224d895a137dae00465edd1ca7f9d7bc3564.tar,ubuntu 24.04,arm64
3.14.2,921343506e255fdf5310dadcdbe8c6c191a04af46a08c5772f80047dc6d2223e,pythons/3.14.2/ubuntu-22-04-x86_64-921343506e255fdf5310dadcdbe8c6c191a04af46a08c5772f80047dc6d2223e.tar,ubuntu 22.04,x86_64
3.14.2,ab20f497e01bff4e592e79a0363bdb3c15f56dac40cc87db829fbcaa22502034,pythons/3.14.2/ubuntu-22-04-arm64-ab20f497e01bff4e592e79a0363bdb3c15f56dac40cc87db829fbcaa22502034.tar,ubuntu 22.04,arm64
