version,sha256,path,os_name,os_arch
3.0.3,a3fa3039083b8108cb4026e6205311d27a4de9140a59a96a767c74396cf0e6cd,rubies/3.0.3/ubuntu-22-04-x86_64-a3fa3039083b8108cb4026e6205311d27a4de9140a59a96a767c74396cf0e6cd.tar,ubuntu 22.04,x86_64
3.0.3,00287fabc4b1b60514b6c639cad85338b91df29013475bb299d49474a7d10afe,rubies/3.0.3/ubuntu-24-04-x86_64-00287fabc4b1b60514b6c639cad85338b91df29013475bb299d49474a7d10afe.tar,ubuntu 24.04,x86_64
3.0.4,1914ebbc4ee7e872bc702e3f3308af7844a186dd564d740b039d4804c0dfd846,rubies/3.0.4/ubuntu-22-04-x86_64-1914ebbc4ee7e872bc702e3f3308af7844a186dd564d740b039d4804c0dfd846.tar,ubuntu 22.04,x86_64
3.0.4,e6d33e2dd78f25ae18688bc8fa25c02f41de837f576421288888837c1a0a7f8b,rubies/3.0.4/ubuntu-24-04-x86_64-e6d33e2dd78f25ae18688bc8fa25c02f41de837f576421288888837c1a0a7f8b.tar,ubuntu 24.04,x86_64
3.0.5,1feb50a9eac41a226b121bb212f5456ca429367b6c48a3dcb5b9721f9528fc71,rubies/3.0.5/ubuntu-22-04-x86_64-1feb50a9eac41a226b121bb212f5456ca429367b6c48a3dcb5b9721f9528fc71.tar,ubuntu 22.04,x86_64
3.0.5,370545e0d90f6f7cb02f0dc02f42cb65a86e9952132db6937baf6ad304d7d440,rubies/3.0.5/ubuntu-24-04-x86_64-370545e0d90f6f7cb02f0dc02f42cb65a86e9952132db6937baf6ad304d7d440.tar,ubuntu 24.04,x86_64
3.0.6,3013a0333da6d0d963a3245bb3d126230aeabf413f06fc5da2b988315fe68b95,rubies/3.0.6/ubuntu-22-04-x86_64-3013a0333da6d0d963a3245bb3d126230aeabf413f06fc5da2b988315fe68b95.tar,ubuntu 22.04,x86_64
3.0.6,b7400114c937e331830b6fad26b12d841d7670bba5c82c89cd927222fe562003,rubies/3.0.6/ubuntu-24-04-x86_64-b7400114c937e331830b6fad26b12d841d7670bba5c82c89cd927222fe562003.tar,ubuntu 24.04,x86_64
3.0.7,020004ed0ee1788a5923f149acf0e1b31f1745406293ebcf221cb17da5542faf,rubies/3.0.7/ubuntu-22-04-x86_64-020004ed0ee1788a5923f149acf0e1b31f1745406293ebcf221cb17da5542faf.tar,ubuntu 22.04,x86_64
3.0.7,dc282000d91883df4f175418ba11d90e84fc8998d17d4236acb7a5de013eb0ce,rubies/3.0.7/ubuntu-24-04-x86_64-dc282000d91883df4f175418ba11d90e84fc8998d17d4236acb7a5de013eb0ce.tar,ubuntu 24.04,x86_64
3.1.0,004a42579784a2f84582f190f1d76ff59986e25336954b7363e529a23ad54509,rubies/3.1.0/ubuntu-22-04-x86_64-004a42579784a2f84582f190f1d76ff59986e25336954b7363e529a23ad54509.tar,ubuntu 22.04,x86_64
3.1.0,0312ae5e3fb79934fc248e2fbd7f1daf179d216eab114eb1885e22e61fde4560,rubies/3.1.0/ubuntu-22-04-arm64-0312ae5e3fb79934fc248e2fbd7f1daf179d216eab114eb1885e22e61fde4560.tar,ubuntu 22.04,arm64
3.1.0,ecbc6c3eb1d75dbcafaa36fd32a792a37f2d78874b456d6b0b3d27fefa212dc4,rubies/3.1.0/ubuntu-24-04-x86_64-ecbc6c3eb1d75dbcafaa36fd32a792a37f2d78874b456d6b0b3d27fefa212dc4.tar,ubuntu 24.04,x86_64
3.1.0,da20a6c293a5cda592ca39c379f2b431abaada6ca769e110d49ecb6bed10fb27,rubies/3.1.0/ubuntu-24-04-arm64-da20a6c293a5cda592ca39c379f2b431abaada6ca769e110d49ecb6bed10fb27.tar,ubuntu 24.04,arm64
3.1.1,a41e37d3598d7de2e71d5edeb5c95f1cfaf6f511621b40775b8e7723add9422c,rubies/3.1.1/ubuntu-22-04-x86_64-a41e37d3598d7de2e71d5edeb5c95f1cfaf6f511621b40775b8e7723add9422c.tar,ubuntu 22.04,x86_64
3.1.1,a15510c21626b055ee64451a8cdf4918b9b3c242a13403f0ba579b695b9a2533,rubies/3.1.1/ubuntu-22-04-arm64-a15510c21626b055ee64451a8cdf4918b9b3c242a13403f0ba579b695b9a2533.tar,ubuntu 22.04,arm64
3.1.1,0e4569afcf0642be626fb3a580213e9ead6733c2635ce35c5876dfcf875cbafe,rubies/3.1.1/ubuntu-24-04-x86_64-0e4569afcf0642be626fb3a580213e9ead6733c2635ce35c5876dfcf875cbafe.tar,ubuntu 24.04,x86_64
3.1.1,0be8aa1c33ec250b0d0b672cba88bf6e801e502793926dd6a364d5837ccab49d,rubies/3.1.1/ubuntu-24-04-arm64-0be8aa1c33ec250b0d0b672cba88bf6e801e502793926dd6a364d5837ccab49d.tar,ubuntu 24.04,arm64
3.1.2,44dbc1f29fc1164024f857dc2774e4540b390cfb2b474e67e657e21ec908c169,rubies/3.1.2/ubuntu-22-04-x86_64-44dbc1f29fc1164024f857dc2774e4540b390cfb2b474e67e657e21ec908c169.tar,ubuntu 22.04,x86_64
3.1.2,9b964913ed76fb365ed1013d55b7df7ca096e9a42bf6e88dbed1bab5e055b341,rubies/3.1.2/ubuntu-22-04-arm64-9b964913ed76fb365ed1013d55b7df7ca096e9a42bf6e88dbed1bab5e055b341.tar,ubuntu 22.04,arm64
3.1.2,645dda8d1018b0b5efe3660b4515561203ad43bf6e7492aec525e61fdb9acc5e,rubies/3.1.2/ubuntu-24-04-x86_64-645dda8d1018b0b5efe3660b4515561203ad43bf6e7492aec525e61fdb9acc5e.tar,ubuntu 24.04,x86_64
3.1.2,d8aa2eaa20faf70064d95cf1e78414b258cbacfdda91700f29b6d7ac3cef0151,rubies/3.1.2/ubuntu-24-04-arm64-d8aa2eaa20faf70064d95cf1e78414b258cbacfdda91700f29b6d7ac3cef0151.tar,ubuntu 24.04,arm64
3.1.3,ba557d609f5ceda8b32636a26df8d58d03b6ebb1e25c66b22913111b170d3606,rubies/3.1.3/ubuntu-22-04-x86_64-ba557d609f5ceda8b32636a26df8d58d03b6ebb1e25c66b22913111b170d3606.tar,ubuntu 22.04,x86_64
3.1.3,bd1a0a9532604e4d071cb0025317d08e1062114de20ac3aa6b2f352b266e22fb,rubies/3.1.3/ubuntu-22-04-arm64-bd1a0a9532604e4d071cb0025317d08e1062114de20ac3aa6b2f352b266e22fb.tar,ubuntu 22.04,arm64
3.1.3,9b1d3abe373bdaabf09ec17a31b1a88af108bb77ffc282b7a44ea591b85fd20f,rubies/3.1.3/ubuntu-24-04-x86_64-9b1d3abe373bdaabf09ec17a31b1a88af108bb77ffc282b7a44ea591b85fd20f.tar,ubuntu 24.04,x86_64
3.1.3,1936b5ea6425d74785ec09f0d0a09e1252aee58e18a36a07865213fded485eb3,rubies/3.1.3/ubuntu-24-04-arm64-1936b5ea6425d74785ec09f0d0a09e1252aee58e18a36a07865213fded485eb3.tar,ubuntu 24.04,arm64
3.1.4,2b366603a56965e1cfaf48b89cfbc68961684b4934528faf6eec90c3314d10ad,rubies/3.1.4/ubuntu-22-04-x86_64-2b366603a56965e1cfaf48b89cfbc68961684b4934528faf6eec90c3314d10ad.tar,ubuntu 22.04,x86_64
3.1.4,63c59888cffa4d7edb1a3880fe174366e2d9a36458504d29e2ce7d9a7e828f3f,rubies/3.1.4/ubuntu-22-04-arm64-63c59888cffa4d7edb1a3880fe174366e2d9a36458504d29e2ce7d9a7e828f3f.tar,ubuntu 22.04,arm64
3.1.4,0dfe516585a5b465b50490d10d0c2c6ac1f3ee23ac9b2ffb72ea3343da2a736b,rubies/3.1.4/ubuntu-24-04-x86_64-0dfe516585a5b465b50490d10d0c2c6ac1f3ee23ac9b2ffb72ea3343da2a736b.tar,ubuntu 24.04,x86_64
3.1.4,a1370ba51395e59f95c3097d5af5e1bef0b998d701e02c2eadd93f56b4d54199,rubies/3.1.4/ubuntu-24-04-arm64-a1370ba51395e59f95c3097d5af5e1bef0b998d701e02c2eadd93f56b4d54199.tar,ubuntu 24.04,arm64
3.1.5,7183343f2ece6805343ec5014d3d2c8f50122b4327623a27db4929fea1814c97,rubies/3.1.5/ubuntu-22-04-x86_64-7183343f2ece6805343ec5014d3d2c8f50122b4327623a27db4929fea1814c97.tar,ubuntu 22.04,x86_64
3.1.5,176b44cee8664e1e362b140822942284d2bfa83e6f0143398c60445ee0fbf2fb,rubies/3.1.5/ubuntu-22-04-arm64-176b44cee8664e1e362b140822942284d2bfa83e6f0143398c60445ee0fbf2fb.tar,ubuntu 22.04,arm64
3.1.5,5ac1ef9dc15103b4168ca528722010078fc427d19fdeb9f134551c0a7a69e0dc,rubies/3.1.5/ubuntu-24-04-x86_64-5ac1ef9dc15103b4168ca528722010078fc427d19fdeb9f134551c0a7a69e0dc.tar,ubuntu 24.04,x86_64
3.1.5,5fc40075ec13a078abd9e5ce0dc884461a94b131b4478257d612f1f3471ea1f9,rubies/3.1.5/ubuntu-24-04-arm64-5fc40075ec13a078abd9e5ce0dc884461a94b131b4478257d612f1f3471ea1f9.tar,ubuntu 24.04,arm64
3.1.6,c9dab7ab57e66a1465b013324113af985bbc42183368f4509e984bec7f2cdb96,rubies/3.1.6/ubuntu-22-04-x86_64-c9dab7ab57e66a1465b013324113af985bbc42183368f4509e984bec7f2cdb96.tar,ubuntu 22.04,x86_64
3.1.6,492531e9b9dafc9c9fde840ad7cce68591c3178bde39cf4b738d4cf54b574bb5,rubies/3.1.6/ubuntu-22-04-arm64-492531e9b9dafc9c9fde840ad7cce68591c3178bde39cf4b738d4cf54b574bb5.tar,ubuntu 22.04,arm64
3.1.6,e45e55f1d7b343ea668fb75146e1340c5c361eb1d7bae46225e6a43ea5b5a885,rubies/3.1.6/ubuntu-24-04-x86_64-e45e55f1d7b343ea668fb75146e1340c5c361eb1d7bae46225e6a43ea5b5a885.tar,ubuntu 24.04,x86_64
3.1.6,dbd453b22e348b29dc210837e35c388f2fe9bef8e5864dd7e465da4e9f0c6d59,rubies/3.1.6/ubuntu-24-04-arm64-dbd453b22e348b29dc210837e35c388f2fe9bef8e5864dd7e465da4e9f0c6d59.tar,ubuntu 24.04,arm64
3.1.7,8a0ce075366411137d43d96c37ae989a802ab4938cae4a76139f234be53640d1,rubies/3.1.7/ubuntu-22-04-x86_64-8a0ce075366411137d43d96c37ae989a802ab4938cae4a76139f234be53640d1.tar,ubuntu 22.04,x86_64
3.1.7,98d7ca969a74d2c8f9da3886c23fa80ce1fa7ea236930e1e8b76c831d7793f5d,rubies/3.1.7/ubuntu-22-04-arm64-98d7ca969a74d2c8f9da3886c23fa80ce1fa7ea236930e1e8b76c831d7793f5d.tar,ubuntu 22.04,arm64
3.1.7,c94698152b29dd25094da61ceeb0071a328991ab6cfad5b6fcabff2b11b1835c,rubies/3.1.7/ubuntu-24-04-x86_64-c94698152b29dd25094da61ceeb0071a328991ab6cfad5b6fcabff2b11b1835c.tar,ubuntu 24.04,x86_64
3.1.7,860f3aa18e685617584d23a452add25621e9b9cfc53e7dca2ce69a30288e18de,rubies/3.1.7/ubuntu-24-04-arm64-860f3aa18e685617584d23a452add25621e9b9cfc53e7dca2ce69a30288e18de.tar,ubuntu 24.04,arm64
3.2.0,f9cd5983e94608d870d85ca4b60c6c2240b589a59a0f0276a669752de0bd0bab,rubies/3.2.0/ubuntu-22-04-x86_64-f9cd5983e94608d870d85ca4b60c6c2240b589a59a0f0276a669752de0bd0bab.tar,ubuntu 22.04,x86_64
3.2.0,d543903dfd50e38af046876774c9123393ebd40cb4943d74f0f92ec07647679a,rubies/3.2.0/ubuntu-22-04-arm64-d543903dfd50e38af046876774c9123393ebd40cb4943d74f0f92ec07647679a.tar,ubuntu 22.04,arm64
3.2.0,308b80f2ade40318315febc67430ac32e99f62a27657ed50efd86d1012a9e40a,rubies/3.2.0/ubuntu-24-04-x86_64-308b80f2ade40318315febc67430ac32e99f62a27657ed50efd86d1012a9e40a.tar,ubuntu 24.04,x86_64
3.2.0,69c728f189eaf59a157d0a4e28e9edaad6d0a96b6794ffbdf64b4626d0ef50d0,rubies/3.2.0/ubuntu-24-04-arm64-69c728f189eaf59a157d0a4e28e9edaad6d0a96b6794ffbdf64b4626d0ef50d0.tar,ubuntu 24.04,arm64
3.2.1,603b492318bb9e4ca544ebcb3d3cfca0fb38ede20207f6d096554d5a59f50f13,rubies/3.2.1/ubuntu-22-04-x86_64-603b492318bb9e4ca544ebcb3d3cfca0fb38ede20207f6d096554d5a59f50f13.tar,ubuntu 22.04,x86_64
3.2.1,8ccab4b558d85f75d88a7920552820b0b999c35cd609cc33af0ebbf8d65773f6,rubies/3.2.1/ubuntu-22-04-arm64-8ccab4b558d85f75d88a7920552820b0b999c35cd609cc33af0ebbf8d65773f6.tar,ubuntu 22.04,arm64
3.2.1,86de65256fa517dcf20331aad39fc8a2be9f8b2c871d78167005443215ba3652,rubies/3.2.1/ubuntu-24-04-x86_64-86de65256fa517dcf20331aad39fc8a2be9f8b2c871d78167005443215ba3652.tar,ubuntu 24.04,x86_64
3.2.1,ba60c672c525fe1c65fa26440781009ddeb7d62311e8fad59b7e91e7694bcf21,rubies/3.2.1/ubuntu-24-04-arm64-ba60c672c525fe1c65fa26440781009ddeb7d62311e8fad59b7e91e7694bcf21.tar,ubuntu 24.04,arm64
3.2.2,a96ee76f7e255ff6f5024c03e381da7b55aa1f080bf0004ad078a5fc87ded6e0,rubies/3.2.2/ubuntu-22-04-x86_64-a96ee76f7e255ff6f5024c03e381da7b55aa1f080bf0004ad078a5fc87ded6e0.tar,ubuntu 22.04,x86_64
3.2.2,9f7aeb74fb44cf950683218e003c00cb30cffd978e8faf62fd0937cfcb977749,rubies/3.2.2/ubuntu-22-04-arm64-9f7aeb74fb44cf950683218e003c00cb30cffd978e8faf62fd0937cfcb977749.tar,ubuntu 22.04,arm64
3.2.2,ca64830b13daa462873930c7f11debe1ff7d09b334e4a7edb7c1cff0e9a3fc14,rubies/3.2.2/ubuntu-24-04-x86_64-ca64830b13daa462873930c7f11debe1ff7d09b334e4a7edb7c1cff0e9a3fc14.tar,ubuntu 24.04,x86_64
3.2.2,3741868fde68bdaa4d364fc9d84c19354d692ee03a95f6ae594a2567b9a0b120,rubies/3.2.2/ubuntu-24-04-arm64-3741868fde68bdaa4d364fc9d84c19354d692ee03a95f6ae594a2567b9a0b120.tar,ubuntu 24.04,arm64
3.2.3,f1f56cf229030d587e287f7742af534715328f1d9c304bbf0815d1811d187dff,rubies/3.2.3/ubuntu-22-04-x86_64-f1f56cf229030d587e287f7742af534715328f1d9c304bbf0815d1811d187dff.tar,ubuntu 22.04,x86_64
3.2.3,9efd6367924f943fc9d64abdd3663c9b6a6344177ed51a93f8f2bc48deccc7de,rubies/3.2.3/ubuntu-22-04-arm64-9efd6367924f943fc9d64abdd3663c9b6a6344177ed51a93f8f2bc48deccc7de.tar,ubuntu 22.04,arm64
3.2.3,ac1d7a63ae2b9096d0794ecd3220b1130de00d33c230fa279b883795df35c500,rubies/3.2.3/ubuntu-24-04-x86_64-ac1d7a63ae2b9096d0794ecd3220b1130de00d33c230fa279b883795df35c500.tar,ubuntu 24.04,x86_64
3.2.3,767d7d57fb0b851c54973a112fcf13ef87a5001d95501cbdc354507f3321789e,rubies/3.2.3/ubuntu-24-04-arm64-767d7d57fb0b851c54973a112fcf13ef87a5001d95501cbdc354507f3321789e.tar,ubuntu 24.04,arm64
3.2.4,e5e9aa6c35cd88077de004baf7b089159f520133943665f08fd6a6b20c3ea3bf,rubies/3.2.4/ubuntu-22-04-x86_64-e5e9aa6c35cd88077de004baf7b089159f520133943665f08fd6a6b20c3ea3bf.tar,ubuntu 22.04,x86_64
3.2.4,a46d7d09291420294864c492f9564c4dabd32dfce37ad55e3c75215d8ac9ea75,rubies/3.2.4/ubuntu-22-04-arm64-a46d7d09291420294864c492f9564c4dabd32dfce37ad55e3c75215d8ac9ea75.tar,ubuntu 22.04,arm64
3.2.4,71647a5b3387f26605bb347a10e3d8bb96b0b584c5f32e6f4d4e421d0214a187,rubies/3.2.4/ubuntu-24-04-x86_64-71647a5b3387f26605bb347a10e3d8bb96b0b584c5f32e6f4d4e421d0214a187.tar,ubuntu 24.04,x86_64
3.2.4,0700d5b0cfa7a93541f00a0efd122436f3018bc30f7bca890a8b1d83003fae61,rubies/3.2.4/ubuntu-24-04-arm64-0700d5b0cfa7a93541f00a0efd122436f3018bc30f7bca890a8b1d83003fae61.tar,ubuntu 24.04,arm64
3.2.5,39d6f61515011c27ec7bcb5b786bf51f5aa3c931f33749ddd29d8d7d63c0fdde,rubies/3.2.5/ubuntu-22-04-x86_64-39d6f61515011c27ec7bcb5b786bf51f5aa3c931f33749ddd29d8d7d63c0fdde.tar,ubuntu 22.04,x86_64
3.2.5,679701840ec9af1ac82886c39b884606e6591e3e1eb3a38d8754b7af344f057d,rubies/3.2.5/ubuntu-22-04-arm64-679701840ec9af1ac82886c39b884606e6591e3e1eb3a38d8754b7af344f057d.tar,ubuntu 22.04,arm64
3.2.5,9cb14ba0b93972894c1b75727a92e30e8c7fce261777249e7fc0ccc82aa57eeb,rubies/3.2.5/ubuntu-24-04-x86_64-9cb14ba0b93972894c1b75727a92e30e8c7fce261777249e7fc0ccc82aa57eeb.tar,ubuntu 24.04,x86_64
3.2.5,f47ce3d9d213b74366b3c72e76e76c7ef41ea28f4a2aafb5d2832d25d140d158,rubies/3.2.5/ubuntu-24-04-arm64-f47ce3d9d213b74366b3c72e76e76c7ef41ea28f4a2aafb5d2832d25d140d158.tar,ubuntu 24.04,arm64
3.2.6,4b598d64f62ebe6b76cbfcf0232eaf6adf05296f12ab3c3ff9739be6266478e1,rubies/3.2.6/ubuntu-22-04-x86_64-4b598d64f62ebe6b76cbfcf0232eaf6adf05296f12ab3c3ff9739be6266478e1.tar,ubuntu 22.04,x86_64
3.2.6,b0bda34b25ee4aa0f0dff6cf8440ad0b5f773e2c734d15296b63847ebb81a38c,rubies/3.2.6/ubuntu-22-04-arm64-b0bda34b25ee4aa0f0dff6cf8440ad0b5f773e2c734d15296b63847ebb81a38c.tar,ubuntu 22.04,arm64
3.2.6,abc4a0aa358cc052602d88b992d7a72c9c4bf8fb82a9828a081939f7af2d9cc7,rubies/3.2.6/ubuntu-24-04-x86_64-abc4a0aa358cc052602d88b992d7a72c9c4bf8fb82a9828a081939f7af2d9cc7.tar,ubuntu 24.04,x86_64
3.2.6,f3c6dae6df0021461fd8b4eb2fb3e5c6c8f2752cc052937a00a7ac2449565c0a,rubies/3.2.6/ubuntu-24-04-arm64-f3c6dae6df0021461fd8b4eb2fb3e5c6c8f2752cc052937a00a7ac2449565c0a.tar,ubuntu 24.04,arm64
3.2.7,f738cf56bc2963590eb1e1742a2ce086a2eec8202d9fee5d587461b3ed8f0493,rubies/3.2.7/ubuntu-22-04-x86_64-f738cf56bc2963590eb1e1742a2ce086a2eec8202d9fee5d587461b3ed8f0493.tar,ubuntu 22.04,x86_64
3.2.7,6275c90f2202aa93f90b1447ea50c1068a3e360a55e04bab3fb2a769e2b793d4,rubies/3.2.7/ubuntu-22-04-arm64-6275c90f2202aa93f90b1447ea50c1068a3e360a55e04bab3fb2a769e2b793d4.tar,ubuntu 22.04,arm64
3.2.7,7c469dbf41c8234385243e537b2312e1699bfdcd7bda4eff08bc495bf483e5a4,rubies/3.2.7/ubuntu-24-04-x86_64-7c469dbf41c8234385243e537b2312e1699bfdcd7bda4eff08bc495bf483e5a4.tar,ubuntu 24.04,x86_64
3.2.7,db7387171ca808b0390f19d14701e3fbe4804575365e0fc03a0e303db7d96e4f,rubies/3.2.7/ubuntu-24-04-arm64-db7387171ca808b0390f19d14701e3fbe4804575365e0fc03a0e303db7d96e4f.tar,ubuntu 24.04,arm64
3.2.8,2b134bfac560c59890e35f882e9a125f200dc00c38f96812ced651d188f324ff,rubies/3.2.8/ubuntu-22-04-x86_64-2b134bfac560c59890e35f882e9a125f200dc00c38f96812ced651d188f324ff.tar,ubuntu 22.04,x86_64
3.2.8,1f52990373529455227462910d1a5e9d1dad007c1cafb7db2a24298861f85d2a,rubies/3.2.8/ubuntu-22-04-arm64-1f52990373529455227462910d1a5e9d1dad007c1cafb7db2a24298861f85d2a.tar,ubuntu 22.04,arm64
3.2.8,a783bc88e8b8fc36311a97aec40e104085016bb98698220f657b963cd70f77c4,rubies/3.2.8/ubuntu-24-04-x86_64-a783bc88e8b8fc36311a97aec40e104085016bb98698220f657b963cd70f77c4.tar,ubuntu 24.04,x86_64
3.2.8,358dfa8684f653fd95932b58b1123b317ac565e01b439a23ffac42779088ad00,rubies/3.2.8/ubuntu-24-04-arm64-358dfa8684f653fd95932b58b1123b317ac565e01b439a23ffac42779088ad00.tar,ubuntu 24.04,arm64
3.2.9,4a9c630f05b4ff858f615029e14c22793770912c71b9a013b72f5bea1094ee8a,rubies/3.2.9/ubuntu-22-04-x86_64-4a9c630f05b4ff858f615029e14c22793770912c71b9a013b72f5bea1094ee8a.tar,ubuntu 22.04,x86_64
3.2.9,d50d3823f93623f89b62435911185d997b822908b7426b829c482d8b28a4387b,rubies/3.2.9/ubuntu-24-04-x86_64-d50d3823f93623f89b62435911185d997b822908b7426b829c482d8b28a4387b.tar,ubuntu 24.04,x86_64
3.2.9,ad47a3bbcc95b25d811b11610cddd11cfe3a7ea2a763d630da8b136b88ac4dab,rubies/3.2.9/ubuntu-22-04-arm64-ad47a3bbcc95b25d811b11610cddd11cfe3a7ea2a763d630da8b136b88ac4dab.tar,ubuntu 22.04,arm64
3.2.9,bd9b9dc0ea58b62db016be668111d14c948858b50ea883c5038b89657b3b66ab,rubies/3.2.9/ubuntu-24-04-arm64-bd9b9dc0ea58b62db016be668111d14c948858b50ea883c5038b89657b3b66ab.tar,ubuntu 24.04,arm64
3.3.0,121cf54b17bc99803424287d242fe25d32367420adf28245c884bf49198fe9e6,rubies/3.3.0/ubuntu-22-04-x86_64-121cf54b17bc99803424287d242fe25d32367420adf28245c884bf49198fe9e6.tar,ubuntu 22.04,x86_64
3.3.0,3e41f47f5dbc1ddac96aafdcae1961b902c9844535891ce75336435b05c84616,rubies/3.3.0/ubuntu-22-04-arm64-3e41f47f5dbc1ddac96aafdcae1961b902c9844535891ce75336435b05c84616.tar,ubuntu 22.04,arm64
3.3.0,438fb47ed154d99d7bca74ee49e576efd68073d8feb9d8e24510bc1d5a429a23,rubies/3.3.0/ubuntu-24-04-x86_64-438fb47ed154d99d7bca74ee49e576efd68073d8feb9d8e24510bc1d5a429a23.tar,ubuntu 24.04,x86_64
3.3.0,d5872565046e1c7e6de9f54a3e4d1b0cdb2bc8c5f7819fb252d0f4ec9566c8ea,rubies/3.3.0/ubuntu-24-04-arm64-d5872565046e1c7e6de9f54a3e4d1b0cdb2bc8c5f7819fb252d0f4ec9566c8ea.tar,ubuntu 24.04,arm64
3.3.1,c06b19de760dc5b0c1f2385eeb33d5c0cbe37ee7788067fb8dfcb1fab2abc638,rubies/3.3.1/ubuntu-22-04-x86_64-c06b19de760dc5b0c1f2385eeb33d5c0cbe37ee7788067fb8dfcb1fab2abc638.tar,ubuntu 22.04,x86_64
3.3.1,bbd36ec16200d7e8f5d8b5d2e58285ce55d902b5a3a2505f56410c0007283368,rubies/3.3.1/ubuntu-22-04-arm64-bbd36ec16200d7e8f5d8b5d2e58285ce55d902b5a3a2505f56410c0007283368.tar,ubuntu 22.04,arm64
3.3.1,706876f162acbb28ade798378e9ef4a0a31ad143af78bc6cc2a25817b72ddb5f,rubies/3.3.1/ubuntu-24-04-x86_64-706876f162acbb28ade798378e9ef4a0a31ad143af78bc6cc2a25817b72ddb5f.tar,ubuntu 24.04,x86_64
3.3.1,1e7afb4467e269439369b5cf4fc531d02c07da23cdff4950b0bae7319e712010,rubies/3.3.1/ubuntu-24-04-arm64-1e7afb4467e269439369b5cf4fc531d02c07da23cdff4950b0bae7319e712010.tar,ubuntu 24.04,arm64
3.3.2,32e88e2146147e56a1d79a69291fdad6fc8f314ddf9bf35ee659ba715e69bd5b,rubies/3.3.2/ubuntu-22-04-x86_64-32e88e2146147e56a1d79a69291fdad6fc8f314ddf9bf35ee659ba715e69bd5b.tar,ubuntu 22.04,x86_64
3.3.2,9b5aef86fd76c27bba1c3815b1cdcdbab5bf79ef738135726dd40aed6e9f7594,rubies/3.3.2/ubuntu-22-04-arm64-9b5aef86fd76c27bba1c3815b1cdcdbab5bf79ef738135726dd40aed6e9f7594.tar,ubuntu 22.04,arm64
3.3.2,2163fe883ed9f1d878e1fd69f631b8fa91f351114fd2b5a4b94fa656f20ee24c,rubies/3.3.2/ubuntu-24-04-x86_64-2163fe883ed9f1d878e1fd69f631b8fa91f351114fd2b5a4b94fa656f20ee24c.tar,ubuntu 24.04,x86_64
3.3.2,6a581d80660a875a43ea1bd66a2abfd5a126452944d6c0268913efd226e4ad3a,rubies/3.3.2/ubuntu-24-04-arm64-6a581d80660a875a43ea1bd66a2abfd5a126452944d6c0268913efd226e4ad3a.tar,ubuntu 24.04,arm64
3.3.3,871f6379daa2c6e7cb1860ac55c531ea89e8d2ae9d90a290215abfb70013477b,rubies/3.3.3/ubuntu-22-04-x86_64-871f6379daa2c6e7cb1860ac55c531ea89e8d2ae9d90a290215abfb70013477b.tar,ubuntu 22.04,x86_64
3.3.3,fa1553fd41429b09bbd21d41ddcea90cae9d30056732a3404a90b7ac229b7edb,rubies/3.3.3/ubuntu-22-04-arm64-fa1553fd41429b09bbd21d41ddcea90cae9d30056732a3404a90b7ac229b7edb.tar,ubuntu 22.04,arm64
3.3.3,a25e13ca07d109208c6ef0e69ea7a09076215d775aa2c1637d2dabaf4367fdbd,rubies/3.3.3/ubuntu-24-04-x86_64-a25e13ca07d109208c6ef0e69ea7a09076215d775aa2c1637d2dabaf4367fdbd.tar,ubuntu 24.04,x86_64
3.3.3,243926ec7b59822ba43c6a94d71f8d4c03b029d94ea90e7d3e04d2c3889f8595,rubies/3.3.3/ubuntu-24-04-arm64-243926ec7b59822ba43c6a94d71f8d4c03b029d94ea90e7d3e04d2c3889f8595.tar,ubuntu 24.04,arm64
3.3.4,b50871438f904f3d8bd1ed5ce63a8b609aa97027a71834a58c2d9759ab877214,rubies/3.3.4/ubuntu-22-04-x86_64-b50871438f904f3d8bd1ed5ce63a8b609aa97027a71834a58c2d9759ab877214.tar,ubuntu 22.04,x86_64
3.3.4,b395bebcee2bf86fceb105b4b63be1e2b0c89b84b35d80f175f7df2435a3aa85,rubies/3.3.4/ubuntu-22-04-arm64-b395bebcee2bf86fceb105b4b63be1e2b0c89b84b35d80f175f7df2435a3aa85.tar,ubuntu 22.04,arm64
3.3.4,6e03bab2019fe26ec82201b979ba880a6399950fa4d66acc9845a2ecb1f3dba6,rubies/3.3.4/ubuntu-24-04-x86_64-6e03bab2019fe26ec82201b979ba880a6399950fa4d66acc9845a2ecb1f3dba6.tar,ubuntu 24.04,x86_64
3.3.4,3047095477efc3f3e46e1932d6abaac424c64384f2334c7c16b4d85e1dd93b96,rubies/3.3.4/ubuntu-24-04-arm64-3047095477efc3f3e46e1932d6abaac424c64384f2334c7c16b4d85e1dd93b96.tar,ubuntu 24.04,arm64
3.3.5,354a4e5621bc15ed0d55b5383bf25f165f2ecbe6d8fa87ec704539616557a63e,rubies/3.3.5/ubuntu-22-04-x86_64-354a4e5621bc15ed0d55b5383bf25f165f2ecbe6d8fa87ec704539616557a63e.tar,ubuntu 22.04,x86_64
3.3.5,07bafe8287ce696cc8b24a35d735606701c99812ec433d26087f40e266636d4e,rubies/3.3.5/ubuntu-22-04-arm64-07bafe8287ce696cc8b24a35d735606701c99812ec433d26087f40e266636d4e.tar,ubuntu 22.04,arm64
3.3.5,dee37d459d7435526dfc1d0f7e7a6d492aeaa074a0087936677e08d7be988a35,rubies/3.3.5/ubuntu-24-04-x86_64-dee37d459d7435526dfc1d0f7e7a6d492aeaa074a0087936677e08d7be988a35.tar,ubuntu 24.04,x86_64
3.3.5,911ebff448c9d0d5b15004150a643a142e4484e8c8220ec025eded72f316d319,rubies/3.3.5/ubuntu-24-04-arm64-911ebff448c9d0d5b15004150a643a142e4484e8c8220ec025eded72f316d319.tar,ubuntu 24.04,arm64
3.3.6,b3fcd78957b03718cce5dc4a9f73d9d50748332f829c0551bad8f88c9d0c6501,rubies/3.3.6/ubuntu-22-04-x86_64-b3fcd78957b03718cce5dc4a9f73d9d50748332f829c0551bad8f88c9d0c6501.tar,ubuntu 22.04,x86_64
3.3.6,f38a31955a968a653000be0974a5933bcaba0f86984001fd5f6a10b6c8c670da,rubies/3.3.6/ubuntu-22-04-arm64-f38a31955a968a653000be0974a5933bcaba0f86984001fd5f6a10b6c8c670da.tar,ubuntu 22.04,arm64
3.3.6,5a1795695ef75bfa58260b79f0c74fcd5dd7354b24cd7eb83544abdefefb0ebf,rubies/3.3.6/ubuntu-24-04-x86_64-5a1795695ef75bfa58260b79f0c74fcd5dd7354b24cd7eb83544abdefefb0ebf.tar,ubuntu 24.04,x86_64
3.3.6,efe92e3ecba6a6e823d702b4ab01f1dd712e6dff40c1b92aa4bfa08ca3de82ce,rubies/3.3.6/ubuntu-24-04-arm64-efe92e3ecba6a6e823d702b4ab01f1dd712e6dff40c1b92aa4bfa08ca3de82ce.tar,ubuntu 24.04,arm64
3.3.7,c58f46fd217913860c708f35260b34e4aca5a7e3d6f380408c50916b4a6d34da,rubies/3.3.7/ubuntu-22-04-x86_64-c58f46fd217913860c708f35260b34e4aca5a7e3d6f380408c50916b4a6d34da.tar,ubuntu 22.04,x86_64
3.3.7,b2b2853262ce44736ccb4f2844e9312a6cd116f9933405984c5160ebe2b35adb,rubies/3.3.7/ubuntu-22-04-arm64-b2b2853262ce44736ccb4f2844e9312a6cd116f9933405984c5160ebe2b35adb.tar,ubuntu 22.04,arm64
3.3.7,1fd9117e32c2a2540f028c2db7f89a659046d6ab5b70f57787f00e89ad3cf0b5,rubies/3.3.7/ubuntu-24-04-x86_64-1fd9117e32c2a2540f028c2db7f89a659046d6ab5b70f57787f00e89ad3cf0b5.tar,ubuntu 24.04,x86_64
3.3.7,a5ba8423ddbbfa29f1888c6f3bc60170e39b69adcfa61c49c6609d3be616ee62,rubies/3.3.7/ubuntu-24-04-arm64-a5ba8423ddbbfa29f1888c6f3bc60170e39b69adcfa61c49c6609d3be616ee62.tar,ubuntu 24.04,arm64
3.3.8,c67139e4642e9a75929fa2b6fccfaf3739b48d95b3eab712f397db7773d2c296,rubies/3.3.8/ubuntu-22-04-x86_64-c67139e4642e9a75929fa2b6fccfaf3739b48d95b3eab712f397db7773d2c296.tar,ubuntu 22.04,x86_64
3.3.8,b2092602612f7a2cf201a73bc208c0c82f3a58b07db6be3db2e6a43a6fb4e729,rubies/3.3.8/ubuntu-22-04-arm64-b2092602612f7a2cf201a73bc208c0c82f3a58b07db6be3db2e6a43a6fb4e729.tar,ubuntu 22.04,arm64
3.3.8,8b057e0cc0c80109aa5baee18db4dae1d438cd9fcb2065774ebe6d5ce4efcb3d,rubies/3.3.8/ubuntu-24-04-x86_64-8b057e0cc0c80109aa5baee18db4dae1d438cd9fcb2065774ebe6d5ce4efcb3d.tar,ubuntu 24.04,x86_64
3.3.8,8d0cd25fcce379ea11dc585bc33d36f1d4a968c82d9859c518ac50f45076194c,rubies/3.3.8/ubuntu-24-04-arm64-8d0cd25fcce379ea11dc585bc33d36f1d4a968c82d9859c518ac50f45076194c.tar,ubuntu 24.04,arm64
3.3.9,70e0c416516bd8122ef3bcc26e44fcea9ecb416d095fe8fca862bcbaec64a6b7,rubies/3.3.9/ubuntu-22-04-x86_64-70e0c416516bd8122ef3bcc26e44fcea9ecb416d095fe8fca862bcbaec64a6b7.tar,ubuntu 22.04,x86_64
3.3.9,558ded7ef596cfcd5bd7cefc09423a784df8478a86b9fae21058a54db1af0830,rubies/3.3.9/ubuntu-24-04-x86_64-558ded7ef596cfcd5bd7cefc09423a784df8478a86b9fae21058a54db1af0830.tar,ubuntu 24.04,x86_64
3.3.9,b7795877d8dc84dc40f4c0a1bfa1823d84712ea2f66bbc578548df9e4b2f49b5,rubies/3.3.9/ubuntu-22-04-arm64-b7795877d8dc84dc40f4c0a1bfa1823d84712ea2f66bbc578548df9e4b2f49b5.tar,ubuntu 22.04,arm64
3.3.9,07bfe66f751b3066c814f1ea385cee565a44db680644809d8752ca69f344a9a2,rubies/3.3.9/ubuntu-24-04-arm64-07bfe66f751b3066c814f1ea385cee565a44db680644809d8752ca69f344a9a2.tar,ubuntu 24.04,arm64
3.4.0,629bb2ed6e88bfb5285f5ed6c359df1a4ab95314b5a7938a1281cbaa071812c5,rubies/3.4.0/ubuntu-22-04-x86_64-629bb2ed6e88bfb5285f5ed6c359df1a4ab95314b5a7938a1281cbaa071812c5.tar,ubuntu 22.04,x86_64
3.4.0,3f1e857bda4e2fd002be4c62c1284c7b10fb070365b35961a148a56107ee23dd,rubies/3.4.0/ubuntu-22-04-arm64-3f1e857bda4e2fd002be4c62c1284c7b10fb070365b35961a148a56107ee23dd.tar,ubuntu 22.04,arm64
3.4.0,dc5c4f0c19aa8be71cd75c59fc4145fb21337448181582b5928f22d5ee8e4b54,rubies/3.4.0/ubuntu-24-04-x86_64-dc5c4f0c19aa8be71cd75c59fc4145fb21337448181582b5928f22d5ee8e4b54.tar,ubuntu 24.04,x86_64
3.4.0,5a5cbd6a315fa51d3703f1501e710c74c449c35111da2059cbad5ab1d3e4db6e,rubies/3.4.0/ubuntu-24-04-arm64-5a5cbd6a315fa51d3703f1501e710c74c449c35111da2059cbad5ab1d3e4db6e.tar,ubuntu 24.04,arm64
3.4.1,6fd188f386db8d318e730addaecaf2e7da4e0ff9c0f6b2bdf3cdbb1d5aaed611,rubies/3.4.1/ubuntu-22-04-x86_64-6fd188f386db8d318e730addaecaf2e7da4e0ff9c0f6b2bdf3cdbb1d5aaed611.tar,ubuntu 22.04,x86_64
3.4.1,30245201972b7aef6bcce5803df13ce8c63be0ac043a5c53e6ee6c245b73caed,rubies/3.4.1/ubuntu-22-04-arm64-30245201972b7aef6bcce5803df13ce8c63be0ac043a5c53e6ee6c245b73caed.tar,ubuntu 22.04,arm64
3.4.1,60915ebfe57af945db6d7270095882e95ceb95bea7bc71c97ff1ec097ebb931d,rubies/3.4.1/ubuntu-24-04-x86_64-60915ebfe57af945db6d7270095882e95ceb95bea7bc71c97ff1ec097ebb931d.tar,ubuntu 24.04,x86_64
3.4.1,b05576fa9072862f68fa872ad88bec4c0f5132ba579668049327ad71829ca540,rubies/3.4.1/ubuntu-24-04-arm64-b05576fa9072862f68fa872ad88bec4c0f5132ba579668049327ad71829ca540.tar,ubuntu 24.04,arm64
3.4.2,0437656fed988173fc8c984004419883fcca7c0910a2d7c22660af9f262d4ae8,rubies/3.4.2/ubuntu-22-04-x86_64-0437656fed988173fc8c984004419883fcca7c0910a2d7c22660af9f262d4ae8.tar,ubuntu 22.04,x86_64
3.4.2,55ebfb7d7fb7481695700929d92a83a58657f388fa80b56269b43715e7634a04,rubies/3.4.2/ubuntu-22-04-arm64-55ebfb7d7fb7481695700929d92a83a58657f388fa80b56269b43715e7634a04.tar,ubuntu 22.04,arm64
3.4.2,ae98cd21a17942b07c8438400d8c45a52852a7ff243e4fc046db10035bf62813,rubies/3.4.2/ubuntu-24-04-x86_64-ae98cd21a17942b07c8438400d8c45a52852a7ff243e4fc046db10035bf62813.tar,ubuntu 24.04,x86_64
3.4.2,6bd228904fae17dd7358cb8c606a8dd6f0c82509709fdb47db87b4440f7f85ae,rubies/3.4.2/ubuntu-24-04-arm64-6bd228904fae17dd7358cb8c606a8dd6f0c82509709fdb47db87b4440f7f85ae.tar,ubuntu 24.04,arm64
3.4.3,124161698718fb8d25f4a797ec0aca5d238c31c005a214b7980e298baedbf127,rubies/3.4.3/ubuntu-22-04-x86_64-124161698718fb8d25f4a797ec0aca5d238c31c005a214b7980e298baedbf127.tar,ubuntu 22.04,x86_64
3.4.3,cd1ff066887ab04bda8e73e1f7d379d0763f775f3e8460b7bf2187d1eb69dd33,rubies/3.4.3/ubuntu-22-04-arm64-cd1ff066887ab04bda8e73e1f7d379d0763f775f3e8460b7bf2187d1eb69dd33.tar,ubuntu 22.04,arm64
3.4.3,761a6259c8cfcdfdc8ddcb64aa82654be27ce0751f71c825915f9755bb6ea4f7,rubies/3.4.3/ubuntu-24-04-x86_64-761a6259c8cfcdfdc8ddcb64aa82654be27ce0751f71c825915f9755bb6ea4f7.tar,ubuntu 24.04,x86_64
3.4.3,fa9e90d255338659661d0b1971918a90529296886986db4c46de927df9c28da4,rubies/3.4.3/ubuntu-24-04-arm64-fa9e90d255338659661d0b1971918a90529296886986db4c46de927df9c28da4.tar,ubuntu 24.04,arm64
3.4.4,4e32eb182c9fb86df7dfd03491a2f6f959b53243c85c1bab7c9cbbd36d281112,rubies/3.4.4/ubuntu-22-04-x86_64-4e32eb182c9fb86df7dfd03491a2f6f959b53243c85c1bab7c9cbbd36d281112.tar,ubuntu 22.04,x86_64
3.4.4,6519231ec65a4addaaa8f313d8bc3e5a9d4ddee10f3dae638232c79709216969,rubies/3.4.4/ubuntu-22-04-arm64-6519231ec65a4addaaa8f313d8bc3e5a9d4ddee10f3dae638232c79709216969.tar,ubuntu 22.04,arm64
3.4.4,794bed44b88cddc70464a1e6ee9790b03b1aa798565b39592ef93405cd6070a7,rubies/3.4.4/ubuntu-24-04-x86_64-794bed44b88cddc70464a1e6ee9790b03b1aa798565b39592ef93405cd6070a7.tar,ubuntu 24.04,x86_64
3.4.4,1fb33c93ca43f5ffe5ed3b99abed8eaea07f6bbc66fceb59964b46deab5c01de,rubies/3.4.4/ubuntu-24-04-arm64-1fb33c93ca43f5ffe5ed3b99abed8eaea07f6bbc66fceb59964b46deab5c01de.tar,ubuntu 24.04,arm64
3.4.5,530359925a6badf3341033520341946478e6774216f336d202d3b37d86f8e041,rubies/3.4.5/ubuntu-22-04-x86_64-530359925a6badf3341033520341946478e6774216f336d202d3b37d86f8e041.tar,ubuntu 22.04,x86_64
3.4.5,a013fc7610e670eaffa976a01cb1a06434f0de7c18c84a202e3a1616cde45d7c,rubies/3.4.5/ubuntu-22-04-arm64-a013fc7610e670eaffa976a01cb1a06434f0de7c18c84a202e3a1616cde45d7c.tar,ubuntu 22.04,arm64
3.4.5,a04e5fd6038019777f4ca1b4877261cddafd5b184d0762154583a81b5ba3ebfb,rubies/3.4.5/ubuntu-24-04-x86_64-a04e5fd6038019777f4ca1b4877261cddafd5b184d0762154583a81b5ba3ebfb.tar,ubuntu 24.04,x86_64
3.4.5,67a651ae09ac21be9c3504ca5dda79909f717000fb649b1af09d1c324c22f0d1,rubies/3.4.5/ubuntu-24-04-arm64-67a651ae09ac21be9c3504ca5dda79909f717000fb649b1af09d1c324c22f0d1.tar,ubuntu 24.04,arm64
3.4.6,1e54eb3c6b1cde5529de5dd804d67ecf3519b4c5efb1d47f2136ddb256908357,rubies/3.4.6/ubuntu-22-04-x86_64-1e54eb3c6b1cde5529de5dd804d67ecf3519b4c5efb1d47f2136ddb256908357.tar,ubuntu 22.04,x86_64
3.4.6,c43a879e693829b03dcf0b37663e74ec0bc22015a9cc585fe82b9ebe93893edc,rubies/3.4.6/ubuntu-24-04-x86_64-c43a879e693829b03dcf0b37663e74ec0bc22015a9cc585fe82b9ebe93893edc.tar,ubuntu 24.04,x86_64
3.4.6,b6e3c30ecb708c0e6830b6410e47be34d6e0009ef98e7a6b7697ea4bfb877eac,rubies/3.4.6/ubuntu-22-04-arm64-b6e3c30ecb708c0e6830b6410e47be34d6e0009ef98e7a6b7697ea4bfb877eac.tar,ubuntu 22.04,arm64
3.4.6,99afba5837710ad5bf95169350ea6523b359048208bb0bb68ae73377d76c7f55,rubies/3.4.6/ubuntu-24-04-arm64-99afba5837710ad5bf95169350ea6523b359048208bb0bb68ae73377d76c7f55.tar,ubuntu 24.04,arm64
3.4.7,51f1c0fed74eafa3359725d35f8e6fc0b37d7359ab9ba4f888260a61b9270e82,rubies/3.4.7/ubuntu-22-04-x86_64-51f1c0fed74eafa3359725d35f8e6fc0b37d7359ab9ba4f888260a61b9270e82.tar,ubuntu 22.04,x86_64
3.4.7,d1a453ac58769eec2be17a4c44552112065ea9b55ebcbfdb6d9d6a5cff452578,rubies/3.4.7/ubuntu-24-04-x86_64-d1a453ac58769eec2be17a4c44552112065ea9b55ebcbfdb6d9d6a5cff452578.tar,ubuntu 24.04,x86_64
3.4.7,dca5b90418bbf9de831b8a32a8c304bbdd89b283c2d924996d538f9c7a507984,rubies/3.4.7/ubuntu-22-04-arm64-dca5b90418bbf9de831b8a32a8c304bbdd89b283c2d924996d538f9c7a507984.tar,ubuntu 22.04,arm64
3.4.7,6d02c9f440f65b717d48ce315098bff7b5f360882707593c6ff48f69b383d73b,rubies/3.4.7/ubuntu-24-04-arm64-6d02c9f440f65b717d48ce315098bff7b5f360882707593c6ff48f69b383d73b.tar,ubuntu 24.04,arm64
